probe_id,query,entrezgene,name,symbol,alias,taxid,HGNC,gene,gene_unique
201000_at,AARS,16,alanyl-tRNA synthetase 1,AARS1,"AARS, CMT2N, DEE29, EIEE29, HDLS2",9606,HGNC:20,AARS,AARS
209460_at,ABAT,18,4-aminobutyrate aminotransferase,ABAT,"GABA-AT, GABAT, NPD009",9606,HGNC:23,ABAT,ABAT
203192_at,ABCB6,10058,ATP binding cassette subfamily B member 6 (Langereis blood group),ABCB6,"ABC, LAN, MTABC3, PRP, umat",9606,HGNC:47,ABCB6,ABCB6
209380_s_at,ABCC5,10057,ATP binding cassette subfamily C member 5,ABCC5,"ABC33, EST277145, MOAT-C, MOATC, MRP5",9606,HGNC:56,ABCC5,ABCC5
200045_at,ABCF1,23,ATP binding cassette subfamily F member 1,ABCF1,"ABC27, ABC50",9606,HGNC:70,ABCF1,ABCF1
202394_s_at,ABCF3,55324,ATP binding cassette subfamily F member 3,ABCF3,EST201864,9606,HGNC:72,ABCF3,ABCF3
218581_at,ABHD4,63874,"abhydrolase domain containing 4, N-acyl phospholipase B",ABHD4,ABH4,9606,HGNC:20154,ABHD4,ABHD4
221552_at,ABHD6,57406,"abhydrolase domain containing 6, acylglycerol lipase",ABHD6,,9606,HGNC:21398,ABHD6///LOC643635,ABHD6
202123_s_at,ABL1,25,"ABL proto-oncogene 1, non-receptor tyrosine kinase",ABL1,"ABL, BCR-ABL, CHDSKM, JTK7, bcr/abl",9606,HGNC:76,ABL1,ABL1
214274_s_at,ACAA1,30,acetyl-CoA acyltransferase 1,ACAA1,"ACAA, Lnc-Myd88, PTHIO, THIO",9606,HGNC:82,ACAA1,ACAA1
209608_s_at,ACAT2,39,acetyl-CoA acetyltransferase 2,ACAT2,,9606,HGNC:94,ACAT2,ACAT2
202324_s_at,ACBD3,64746,acyl-CoA binding domain containing 3,ACBD3,"GCP60, GOCAP1, GOLPH1, PAP7",9606,HGNC:15453,ACBD3,ACBD3
204617_s_at,ACD,65057,ACD shelterin complex subunit and telomerase recruitment factor,ACD,"PIP1, PTOP, TINT1, TPP1",9606,HGNC:25070,ACD,ACD
210337_s_at,ACLY,47,ATP citrate lyase,ACLY,"ACL, ATPCL, CLATP",9606,HGNC:115,ACLY,ACLY
221641_s_at,ACOT9,23597,acyl-CoA thioesterase 9,ACOT9,"ACATE2, CGI-16, MT-ACT48, MTACT48",9606,HGNC:17152,ACOT9,ACOT9
201963_at,ACSL1,2180,acyl-CoA synthetase long chain family member 1,ACSL1,"ACS1, FACL1, FACL2, LACS, LACS1",9606,HGNC:3569,ACSL1,ACSL1
202604_x_at,ADAM10,102,ADAM metallopeptidase domain 10,ADAM10,"AD10, AD18, CD156c, CDw156, HsT18717",9606,HGNC:188,ADAM10,ADAM10
219384_s_at,ADAT1,23536,adenosine deaminase tRNA specific 1,ADAT1,HADAT1,9606,HGNC:228,ADAT1,ADAT1
204497_at,ADCY9,115,adenylate cyclase 9,ADCY9,"AC9, ACIX",9606,HGNC:240,ADCY9,ADCY9
210473_s_at,GPR125,166647,adhesion G protein-coupled receptor A3,ADGRA3,"GPR125, PGR21, TEM5L",9606,HGNC:13839,GPR125,GPR125
202910_s_at,CD97,30817,adhesion G protein-coupled receptor E2,ADGRE2,"CD312, CD97, EMR2, VBU",9606,HGNC:3337,CD97,CD97
212070_at,GPR56,9289,adhesion G protein-coupled receptor G1,ADGRG1,"BFPP, BPPR, GPR56, TM7LN4, TM7XN1",9606,HGNC:4512,GPR56,GPR56
208847_s_at,ADH5,128,"alcohol dehydrogenase 5 (class III), chi polypeptide",ADH5,"ADH-3, ADHX, AMEDS, BMFS7, FALDH",9606,HGNC:253,ADH5,ADH5
217761_at,ADI1,55256,acireductone dioxygenase 1,ADI1,"APL1, ARD, ARD', Fe-ARD, HMFT1638",9606,HGNC:30576,ADI1,ADI1
212500_at,ADO,84890,2-aminoethanethiol dioxygenase,ADO,C10orf22,9606,HGNC:23506,ADO,ADO
206170_at,ADRB2,154,adrenoceptor beta 2,ADRB2,"ADRB2R, ADRBR, B2AR, BAR, BETA2AR",9606,HGNC:286,ADRB2,ADRB2
201924_at,AFF1,4299,ALF transcription elongation factor 1,AFF1,"AF4, FEL, MLLT2, PBM1",9606,HGNC:7135,AFF1,AFF1
205130_at,RAGE,177,advanced glycosylation end-product specific receptor,AGER,"RAGE, SCARJ1, sRAGE",9606,HGNC:320,RAGE,RAGE
203566_s_at,AGL,178,"amylo-alpha-1, 6-glucosidase, 4-alpha-glucanotransferase",AGL,GDE,9606,HGNC:321,AGL,AGL
201675_at,AKAP1,8165,A-kinase anchoring protein 1,AKAP1,"AKAP, AKAP121, AKAP149, AKAP84, D-AKAP1",9606,HGNC:367,AKAP1,AKAP1
203848_at,AKAP8,10270,A-kinase anchoring protein 8,AKAP8,"AKAP 95, AKAP-8, AKAP-95, AKAP95",9606,HGNC:378,AKAP8,AKAP8
218064_s_at,AKAP8L,26993,A-kinase anchoring protein 8 like,AKAP8L,"HA95, HAP95, NAKAP, NAKAP95",9606,HGNC:29857,AKAP8L,AKAP8L
214259_s_at,AKR7A2,8574,aldo-keto reductase family 7 member A2,AKR7A2,"AFAR, AFAR1, AFB1-AR1, AKR7",9606,HGNC:389,AKR7A2,AKR7A2
207163_s_at,AKT1,207,AKT serine/threonine kinase 1,AKT1,"AKT, PKB, PKB-ALPHA, PRKBA, RAC",9606,HGNC:391,AKT1,AKT1
205633_s_at,ALAS1,211,5'-aminolevulinate synthase 1,ALAS1,"ALAS, ALAS-H, ALAS3, ALASH, MIG4",9606,HGNC:396,ALAS1,ALAS1
208950_s_at,ALDH7A1,501,aldehyde dehydrogenase 7 family member A1,ALDH7A1,"ATQ1, EPD, PDE",9606,HGNC:877,ALDH7A1,ALDH7A1
200966_x_at,ALDOA,226,"aldolase, fructose-bisphosphate A",ALDOA,"ALDA, GSD12, HEL-S-87p",9606,HGNC:414,ALDOA,ALDOA
202022_at,ALDOC,230,"aldolase, fructose-bisphosphate C",ALDOC,ALDC,9606,HGNC:418,ALDOC,ALDOC
214221_at,ALMS1,7840,ALMS1 centrosome and basal body associated protein,ALMS1,ALSS,9606,HGNC:428,ALMS1,ALMS1
219082_at,AMDHD2,51005,amidohydrolase domain containing 2,AMDHD2,CGI-14,9606,HGNC:24262,AMDHD2,AMDHD2
218093_s_at,ANKRD10,55608,ankyrin repeat domain 10,ANKRD10,,9606,HGNC:20265,ANKRD10,ANKRD10
219069_at,ANKRD49,54851,ankyrin repeat domain 49,ANKRD49,"FGIF, GBIF",9606,HGNC:25970,ANKRD49,ANKRD49
218910_at,ANO10,55129,anoctamin 10,ANO10,"SCAR10, TMEM16K",9606,HGNC:25519,ANO10,ANO10
209860_s_at,ANXA7,310,annexin A7,ANXA7,"ANX7, SNX, SYNEXIN",9606,HGNC:545,ANXA7,ANXA7
213419_at,APBB2,323,amyloid beta precursor protein binding family B member 2,APBB2,"FE65L, FE65L1",9606,HGNC:582,APBB2,APBB2
203381_s_at,APOE,348,apolipoprotein E,APOE,"AD2, APO-E, ApoE4, LDLCQ5, LPG",9606,HGNC:613,APOE,APOE
200602_at,APP,351,amyloid beta precursor protein,APP,"AAA, ABETA, ABPP, AD1, APPI",9606,HGNC:620,APP,APP
202630_at,APPBP2,10513,amyloid beta precursor protein binding protein 2,APPBP2,"APP-BP2, HS.84084, PAT1",9606,HGNC:622,APPBP2,APPBP2
202128_at,KIAA0317,9870,apoptosis resistant E3 ubiquitin protein ligase 1,AREL1,"FIEL1, KIAA0317",9606,HGNC:20363,KIAA0317,KIAA0317
202109_at,ARFIP2,23647,ADP ribosylation factor interacting protein 2,ARFIP2,POR1,9606,HGNC:17160,ARFIP2,ARFIP2
202117_at,ARHGAP1,392,Rho GTPase activating protein 1,ARHGAP1,"CDC42GAP, RHOGAP, RHOGAP1, p50rhoGAP",9606,HGNC:673,ARHGAP1,ARHGAP1
201334_s_at,ARHGEF12,23365,Rho guanine nucleotide exchange factor 12,ARHGEF12,"LARG, PRO2792",9606,HGNC:14193,ARHGEF12,ARHGEF12
209435_s_at,ARHGEF2,9181,Rho/Rac guanine nucleotide exchange factor 2,ARHGEF2,"GEF, GEF-H1, GEFH1, LFP40, Lfc",9606,HGNC:682,ARHGEF2,ARHGEF2
204765_at,ARHGEF5,7984,Rho guanine nucleotide exchange factor 5,ARHGEF5,"GEF5, P60, TIM, TIM1",9606,HGNC:13209,ARHGEF5,ARHGEF5
221230_s_at,ARID4B,51742,AT-rich interaction domain 4B,ARID4B,"BCAA, BRCAA1, RBBP1L1, RBP1L1, SAP180",9606,HGNC:15550,ARID4B,ARID4B
212614_at,ARID5B,84159,AT-rich interaction domain 5B,ARID5B,"DESRT, MRF-2, MRF2",9606,HGNC:17362,ARID5B,ARID5B
202208_s_at,ARL4C,10123,ADP ribosylation factor like GTPase 4C,ARL4C,"ARL7, LAK",9606,HGNC:698,ARL4C,ARL4C
202986_at,ARNT2,9915,aryl hydrocarbon receptor nuclear translocator 2,ARNT2,"WEDAS, bHLHe1",9606,HGNC:16876,ARNT2,ARNT2
221482_s_at,ARPP-19,10776,cAMP regulated phosphoprotein 19,ARPP19,"ARPP-16, ARPP-19, ARPP16, ENSAL",9606,HGNC:16967,ARPP-19,ARPP-19
213702_x_at,ASAH1,427,N-acylsphingosine amidohydrolase 1,ASAH1,"AC, ACDase, ASAH, PHP, PHP32",9606,HGNC:735,ASAH1,ASAH1
206414_s_at,ASAP2,8853,"ArfGAP with SH3 domain, ankyrin repeat and PH domain 2",ASAP2,"AMAP2, CENTB3, DDEF2, PAG3, PAP",9606,HGNC:2721,ASAP2,ASAP2
212815_at,ASCC3,10973,activating signal cointegrator 1 complex subunit 3,ASCC3,"ASC1p200, HELIC1, RNAH",9606,HGNC:18697,ASCC3,ASCC3
204608_at,ASL,435,argininosuccinate lyase,ASL,ASAL,9606,HGNC:746,ASL,ASL
209394_at,ASMTL,8623,acetylserotonin O-methyltransferase like,ASMTL,"ASMTLX, ASMTLY, ASTML",9606,HGNC:751,ASMTL,ASMTL
222103_at,ATF1,466,activating transcription factor 1,ATF1,"EWS-ATF1, FUS/ATF-1, TREB36",9606,HGNC:783,ATF1,ATF1
204999_s_at,ATF5,22809,activating transcription factor 5,ATF5,"ATFX, HMFN0395",9606,HGNC:790,ATF5,ATF5
203952_at,ATF6,22926,activating transcription factor 6,ATF6,"ACHM7, ATF6A",9606,HGNC:791,ATF6,ATF6
221492_s_at,ATG3,64422,autophagy related 3,ATG3,"APG3, APG3-LIKE, APG3L, PC3-96",9606,HGNC:20962,ATG3,ATG3
201855_s_at,ATMIN,23300,ATM interactor,ATMIN,"ASCIZ, ZNF822",9606,HGNC:29034,ATMIN,ATMIN
212536_at,ATP11B,23200,ATPase phospholipid transporting 11B (putative),ATP11B,"ATPIF, ATPIR",9606,HGNC:13553,ATP11B,ATP11B
201243_s_at,ATP1B1,481,ATPase Na+/K+ transporting subunit beta 1,ATP1B1,ATP1B,9606,HGNC:804,ATP1B1,ATP1B1
212255_s_at,ATP2C1,27032,ATPase secretory pathway Ca2+ transporting 1,ATP2C1,"ATP2C1A, BCPM, HHD, PMR1, SPCA1",9606,HGNC:13211,ATP2C1,ATP2C1
200078_s_at,ATP6V0B,533,ATPase H+ transporting V0 subunit b,ATP6V0B,"ATP6F, HATPL, VMA16",9606,HGNC:861,ATP6V0B,ATP6V0B
208898_at,ATP6V1D,51382,ATPase H+ transporting V1 subunit D,ATP6V1D,"ATP6M, VATD, VMA8",9606,HGNC:13527,ATP6V1D,ATP6V1D
204092_s_at,AURKA,6790,aurora kinase A,AURKA,"AIK, ARK1, AURA, BTAK, PPP1R47",9606,HGNC:11393,AURKA,AURKA
209464_at,AURKB,9212,aurora kinase B,AURKB,"AIK2, AIM-1, AIM1, ARK-2, ARK2",9606,HGNC:11390,AURKB,AURKB
212849_at,AXIN1,8312,axin 1,AXIN1,"AXIN, PPP1R49",9606,HGNC:903,AXIN1,AXIN1
203188_at,B3GNT1,10678,"UDP-GlcNAc:betaGal beta-1,3-N-acetylglucosaminyltransferase 2",B3GNT2,"3-Gn-T1, 3-Gn-T2, B3GN-T2, B3GNT, B3GNT-2",9606,HGNC:15629,B3GNT1,B3GNT1
217867_x_at,BACE2,25825,beta-secretase 2,BACE2,"AEPLC, ALP56, ASP1, ASP21, BAE2",9606,HGNC:934,BACE2,BACE2
209364_at,BAD,572,BCL2 associated agonist of cell death,BAD,"BBC2, BCL2L8",9606,HGNC:936,BAD,BAD
217911_s_at,BAG3,9531,BAG cochaperone 3,BAG3,"BAG-3, BIS, CAIR-1, MFM6",9606,HGNC:939,BAG3,BAG3
203304_at,BAMBI,25805,BMP and activin membrane bound inhibitor,BAMBI,NMA,9606,HGNC:30251,BAMBI,BAMBI
208478_s_at,BAX,581,"BCL2 associated X, apoptosis regulator",BAX,BCL2L4,9606,HGNC:959,BAX,BAX
208445_s_at,BAZ1B,9031,bromodomain adjacent to zinc finger domain 1B,BAZ1B,"WBSCR10, WBSCR9, WSTF",9606,HGNC:961,BAZ1B,BAZ1B
203080_s_at,BAZ2B,29994,bromodomain adjacent to zinc finger domain 2B,BAZ2B,WALp4,9606,HGNC:963,BAZ2B,BAZ2B
202331_at,BCKDHA,593,branched chain keto acid dehydrogenase E1 subunit alpha,BCKDHA,"BCKDE1A, MSU, MSUD1, OVD1A",9606,HGNC:986,BCKDHA,BCKDHA
203685_at,BCL2,596,BCL2 apoptosis regulator,BCL2,"Bcl-2, PPP1R50",9606,HGNC:990,BCL2,BCL2
202518_at,BCL7B,9275,BAF chromatin remodeling complex subunit BCL7B,BCL7B,SMARCJ2,9606,HGNC:1005,BCL7B,BCL7B
211715_s_at,BDH1,622,3-hydroxybutyrate dehydrogenase 1,BDH1,"BDH, SDR9C1",9606,HGNC:1027,BDH1,BDH1
208945_s_at,BECN1,8678,beclin 1,BECN1,"ATG6, VPS30, beclin1",9606,HGNC:1034,BECN1,BECN1
201170_s_at,BHLHE40,8553,basic helix-loop-helix family member e40,BHLHE40,"BHLHB2, Clast5, DEC1, HLHB2, SHARP-2",9606,HGNC:1046,BHLHE40,BHLHE40
211725_s_at,BID,637,BH3 interacting domain death agonist,BID,FP497,9606,HGNC:1050,BID,BID
202076_at,BIRC2,329,baculoviral IAP repeat containing 2,BIRC2,"API1, HIAP2, Hiap-2, MIHB, RNF48",9606,HGNC:590,BIRC2,BIRC2
202095_s_at,BIRC5,332,baculoviral IAP repeat containing 5,BIRC5,"API4, EPR-1",9606,HGNC:593,BIRC5,BIRC5
201032_at,BLCAP,10904,BLCAP apoptosis inducing factor,BLCAP,BC10,9606,HGNC:1055,BLCAP,BLCAP
202179_at,BLMH,642,bleomycin hydrolase,BLMH,"BH, BMH",9606,HGNC:1059,BLMH,BLMH
201729_s_at,KIAA0100,9703,bridge-like lipid transfer protein family member 2,BLTP2,"BCOX, BCOX1, CT101, FMP27, Hob",9606,HGNC:28960,KIAA0100,KIAA0100
211729_x_at,BLVRA,644,biliverdin reductase A,BLVRA,"BLVR, BVR, BVRA",9606,HGNC:1062,BLVRA,BLVRA
211518_s_at,BMP4,652,bone morphogenetic protein 4,BMP4,"BMP2B, BMP2B1, MCOPS6, OFC11, ZYME",9606,HGNC:1071,BMP4,BMP4
201849_at,BNIP3,664,BCL2 interacting protein 3,BNIP3,"HABON, NIP3",9606,HGNC:1084,BNIP3,BNIP3
221478_at,BNIP3L,665,BCL2 interacting protein 3 like,BNIP3L,"BNIP3a, NIX",9606,HGNC:1085,BNIP3L,BNIP3L
205750_at,BPHL,670,biphenyl hydrolase like,BPHL,"BPH-RP, MCNAA, VACVASE",9606,HGNC:1094,BPHL,BPHL
204531_s_at,BRCA1,672,BRCA1 DNA repair associated,BRCA1,"BRCAI, BRCC1, BROVCA1, FANCS, IRIS",9606,HGNC:1100,BRCA1,BRCA1
202946_s_at,BTBD3,22903,BTB domain containing 3,BTBD3,dJ742J24.1,9606,HGNC:15854,BTBD3,BTBD3
201236_s_at,BTG2,7832,BTG anti-proliferation factor 2,BTG2,"APRO1, PC3, TIS21",9606,HGNC:1131,BTG2,BTG2
205548_s_at,BTG3,10950,BTG anti-proliferation factor 3,BTG3,"ANA, ANA/BTG3, APRO4, TOB5, TOB55",9606,HGNC:1132,BTG3,BTG3
205504_at,BTK,695,Bruton tyrosine kinase,BTK,"AGMX1, AT, ATK, BPK, IGHD3",9606,HGNC:1133,BTK,BTK
203755_at,BUB1B,701,BUB1 mitotic checkpoint serine/threonine kinase B,BUB1B,"BUB1beta, BUBR1, Bub1A, MAD3L, MVA1",9606,HGNC:1149,BUB1B,BUB1B
217809_at,BZW2,28969,basic leucine zipper and W2 domains 2,BZW2,"5MP1, HSPC028, MST017, MSTP017",9606,HGNC:18808,BZW2,BZW2
212875_s_at,C2CD2,25966,C2 calcium dependent domain containing 2,C2CD2,"C21orf25, C21orf258, TMEM24L",9606,HGNC:1266,C2CD2,C2CD2
204757_s_at,C2CD2L,9854,C2CD2 like,C2CD2L,"DLNB23, TMEM24",9606,HGNC:29000,C2CD2L,C2CD2L
212943_at,KIAA0528,9847,C2 calcium dependent domain containing 5,C2CD5,"CDP138, KIAA0528",9606,HGNC:29062,KIAA0528,KIAA0528
205500_at,C5,727,complement C5,C5,"C5D, C5a, C5b, CPAMD4, ECLZB",9606,HGNC:1331,C5,C5
203963_at,CA12,771,carbonic anhydrase 12,CA12,"CA-XII, CAXII, HsT18816, T18816",9606,HGNC:1371,CA12,CA12
217873_at,CAB39,51719,calcium binding protein 39,CAB39,"CGI-66, MO25",9606,HGNC:20292,CAB39,CAB39
202624_s_at,CABIN1,23523,calcineurin binding protein 1,CABIN1,"CAIN, KB-318B8.7, PPP3IN",9606,HGNC:24187,CABIN1,CABIN1
200622_x_at,CALM1,801,calmodulin 1,CALM1,"CALML2, CAM2, CAM3, CAMB, CAMC",9606,HGNC:1442,CALM1///CALM2///CALM3,CALM1
200757_s_at,CALU,813,calumenin,CALU,,9606,HGNC:1458,CALU,CALU
212765_at,CAMSAP1L1,23271,calmodulin regulated spectrin associated protein family member 2,CAMSAP2,CAMSAP1L1,9606,HGNC:29188,CAMSAP1L1,CAMSAP1L1
221732_at,CANT1,124583,calcium activated nucleotidase 1,CANT1,"DBQD, DBQD1, EDM7, SCAN-1, SCAN1",9606,HGNC:19721,CANT1,CANT1
200752_s_at,CAPN1,823,calpain 1,CAPN1,"CANP, CANP1, CANPL1, SPG76, muCANP",9606,HGNC:1476,CAPN1,CAPN1
219573_at,LRRC16A,55604,capping protein regulator and myosin 1 linker 1,CARMIL1,"CARMIL, CARMIL1a, LRRC16, LRRC16A, dJ501N12.1",9606,HGNC:21581,LRRC16A,LRRC16A
207842_s_at,CASC3,22794,CASC3 exon junction complex subunit,CASC3,"BTZ, MLN51",9606,HGNC:17040,CASC3,CASC3
207620_s_at,CASK,8573,calcium/calmodulin dependent serine protein kinase,CASK,"CAGH39, CAMGUK, CMG, FGS4, LIN2",9606,HGNC:1497,CASK,CASK
205467_at,CASP10,843,caspase 10,CASP10,"ALPS2, FLICE-2, FLICE2, MCH4",9606,HGNC:1500,CASP10,CASP10
208050_s_at,CASP2,835,caspase 2,CASP2,"CASP-2, ICH1, NEDD-2, NEDD2, PPP1R57",9606,HGNC:1503,CASP2,CASP2
202763_at,CASP3,836,caspase 3,CASP3,"CPP32, CPP32B, SCA-1",9606,HGNC:1504,CASP3,CASP3
207181_s_at,CASP7,840,caspase 7,CASP7,"CASP-7, CMH-1, ICE-LAP3, LICE2, MCH3",9606,HGNC:1508,CASP7,CASP7
208908_s_at,CAST,831,calpastatin,CAST,"BS-17, PLACK",9606,HGNC:1515,CAST,CAST
201432_at,CAT,847,catalase,CAT,,9606,HGNC:1516,CAT,CAT
209682_at,CBLB,868,Cbl proto-oncogene B,CBLB,"Cbl-b, Nbla00127, RNF56",9606,HGNC:1542,CBLB,CBLB
209213_at,CBR1,873,carbonyl reductase 1,CBR1,"CBR, PG-9-KR, SDR21C1, hCBR1",9606,HGNC:1548,CBR1,CBR1
205379_at,CBR3,874,carbonyl reductase 3,CBR3,"HEL-S-25, SDR21C2, hCBR3",9606,HGNC:1549,CBR3,CBR3
204610_s_at,CCDC85B,11007,coiled-coil domain containing 85B,CCDC85B,DIPA,9606,HGNC:24926,CCDC85B,CCDC85B
203119_at,CCDC86,79080,coiled-coil domain containing 86,CCDC86,,9606,HGNC:28359,CCDC86,CCDC86
218175_at,CCDC92,80212,coiled-coil domain containing 92,CCDC92,,9606,HGNC:29563,CCDC92,CCDC92
216598_s_at,CCL2,6347,C-C motif chemokine ligand 2,CCL2,"GDCF-2, HC11, HSMCR30, MCAF, MCP-1",9606,HGNC:10618,CCL2,CCL2
205899_at,CCNA1,8900,cyclin A1,CCNA1,CT146,9606,HGNC:1577,CCNA1,CCNA1
203418_at,CCNA2,890,cyclin A2,CCNA2,"CCN1, CCNA",9606,HGNC:1578,CCNA2,CCNA2
214710_s_at,CCNB1,891,cyclin B1,CCNB1,CCNB,9606,HGNC:1579,CCNB1,CCNB1
202705_at,CCNB2,9133,cyclin B2,CCNB2,HsT17299,9606,HGNC:1580,CCNB2,CCNB2
208711_s_at,CCND1,595,cyclin D1,CCND1,"BCL1, D11S287E, PRAD1, U21B31",9606,HGNC:1582,CCND1,CCND1
201700_at,CCND3,896,cyclin D3,CCND3,,9606,HGNC:1585,CCND3,CCND3
205034_at,CCNE2,9134,cyclin E2,CCNE2,CYCE2,9606,HGNC:1590,CCNE2,CCNE2
204826_at,CCNF,899,cyclin F,CCNF,"FBX1, FBXO1, FTDALS5",9606,HGNC:1591,CCNF,CCNF
204093_at,CCNH,902,cyclin H,CCNH,"CAK, CycH, p34, p37",9606,HGNC:1594,CCNH,CCNH
204662_at,CP110,9738,centriolar coiled-coil protein 110,CCP110,"CP110, Cep110",9606,HGNC:24342,CP110,CP110
201743_at,CD14,929,CD14 molecule,CD14,,9606,HGNC:1628,CD14,CD14
206398_s_at,CD19,930,CD19 molecule,CD19,"B4, CVID3",9606,HGNC:1633,CD19,CD19
218529_at,CD320,51293,CD320 molecule,CD320,"8D6, 8D6A, TCBLR, TCN2R",9606,HGNC:16692,CD320,CD320
205153_s_at,CD40,958,CD40 molecule,CD40,"Bp50, CDW40, TNFRSF5, p50",9606,HGNC:11919,CD40,CD40
204489_s_at,CD44,960,CD44 molecule (Indian blood group),CD44,"CDW44, CSPG8, ECMR-III, HCELL, HUTCH-I",9606,HGNC:1681,CD44,CD44
205173_x_at,CD58,965,CD58 molecule,CD58,"LFA-3, LFA3, ag3",9606,HGNC:1688,CD58,CD58
202870_s_at,CDC20,991,cell division cycle 20,CDC20,"CDC20A, bA276H19.3, p55CDC",9606,HGNC:1723,CDC20,CDC20
204695_at,CDC25A,993,cell division cycle 25A,CDC25A,CDC25A2,9606,HGNC:1725,CDC25A,CDC25A
201853_s_at,CDC25B,994,cell division cycle 25B,CDC25B,,9606,HGNC:1726,CDC25B,CDC25B
208728_s_at,CDC42,998,cell division cycle 42,CDC42,"CDC42Hs, G25K, TKS",9606,HGNC:1736,CDC42,CDC42
204126_s_at,CDC45L,8318,cell division cycle 45,CDC45,"CDC45L, CDC45L2, MGORS7, PORC-PI-1",9606,HGNC:1739,CDC45L,CDC45L
218399_s_at,CDCA4,55038,cell division cycle associated 4,CDCA4,"HEPP, SEI-3/HEPP",9606,HGNC:14625,CDCA4,CDCA4
203256_at,CDH3,1001,cadherin 3,CDH3,"CDHP, HJMD, PCAD",9606,HGNC:1762,CDH3,CDH3
212899_at,CDC2L6,23097,cyclin dependent kinase 19,CDK19,"CDC2L6, CDK11, DEE87, EIEE87, bA346C16.3",9606,HGNC:19338,CDC2L6,CDC2L6
204252_at,CDK2,1017,cyclin dependent kinase 2,CDK2,"CDKN2, p33(CDK2)",9606,HGNC:1771,CDK2,CDK2
202246_s_at,CDK4,1019,cyclin dependent kinase 4,CDK4,"CMM3, PSK-J3",9606,HGNC:1773,CDK4,CDK4
204995_at,CDK5R1,8851,cyclin dependent kinase 5 regulatory subunit 1,CDK5R1,"CDK5P35, CDK5R, NCK5A, p23, p25",9606,HGNC:1775,CDK5R1,CDK5R1
207143_at,CDK6,1021,cyclin dependent kinase 6,CDK6,"MCPH12, PLSTIRE",9606,HGNC:1777,CDK6,CDK6
211297_s_at,CDK7,1022,cyclin dependent kinase 7,CDK7,"CAK, CAK1, CDKN7, HCAK, MO15",9606,HGNC:1778,CDK7,CDK7
202284_s_at,CDKN1A,1026,cyclin dependent kinase inhibitor 1A,CDKN1A,"CAP20, CDKN1, CIP1, MDA-6, P21",9606,HGNC:1784,CDKN1A,CDKN1A
209112_at,CDKN1B,1027,cyclin dependent kinase inhibitor 1B,CDKN1B,"CDKN4, KIP1, MEN1B, MEN4, P27KIP1",9606,HGNC:1785,CDKN1B,CDKN1B
207039_at,CDKN2A,1029,cyclin dependent kinase inhibitor 2A,CDKN2A,"ARF, CDK4I, CDKN2, CMM2, INK4",9606,HGNC:1787,CDKN2A,CDKN2A
204039_at,CEBPA,1050,CCAAT enhancer binding protein alpha,CEBPA,"C/EBP-alpha, CEBP",9606,HGNC:1833,CEBPA,CEBPA
203973_s_at,CEBPD,1052,CCAAT enhancer binding protein delta,CEBPD,"C/EBP-delta, CELF, CRP3, NF-IL6-beta",9606,HGNC:1835,CEBPD,CEBPD
203341_at,CEBPZ,10153,CCAAT enhancer binding protein zeta,CEBPZ,"CBF, CBF2, HSP-CBF, NOC1",9606,HGNC:24218,CEBPZ,CEBPZ
218113_at,TMEM2,23670,cell migration inducing hyaluronidase 2,CEMIP2,TMEM2,9606,HGNC:11869,TMEM2,TMEM2
205046_at,CENPE,1062,centromere protein E,CENPE,"CENP-E, KIF10, MCPH13, PPP1R61",9606,HGNC:1856,CENPE,CENPE
218542_at,CEP55,55165,centrosomal protein 55,CEP55,"C10orf3, CT111, MARCH, URCC6",9606,HGNC:1161,CEP55,CEP55
203494_s_at,CEP57,9702,centrosomal protein 57,CEP57,"MVA2, PIG8, TSP57",9606,HGNC:30794,CEP57,CEP57
218421_at,CERK,64781,ceramide kinase,CERK,"LK4, dA59H18.2, dA59H18.3, hCERK",9606,HGNC:19256,CERK,CERK
209662_at,CETN3,1070,centrin 3,CETN3,"CDC31, CEN3",9606,HGNC:1868,CETN3,CETN3
209939_x_at,CFLAR,8837,CASP8 and FADD like apoptosis regulator,CFLAR,"CASH, CASP8AP1, CLARP, Casper, FLAME",9606,HGNC:1876,CFLAR,CFLAR
204605_at,CGRRF1,10668,cell growth regulator with ring finger domain 1,CGRRF1,"CGR19, RNF197",9606,HGNC:15528,CGRRF1,CGRRF1
219270_at,CHAC1,79094,ChaC glutathione specific gamma-glutamylcyclotransferase 1,CHAC1,,9606,HGNC:28680,CHAC1,CHAC1
218642_s_at,CHCHD7,79145,coiled-coil-helix-coiled-coil-helix domain containing 7,CHCHD7,COX23,9606,HGNC:28314,CHCHD7,CHCHD7
205393_s_at,CHEK1,1111,checkpoint kinase 1,CHEK1,CHK1,9606,HGNC:1925,CHEK1,CHEK1
210416_s_at,CHEK2,11200,checkpoint kinase 2,CHEK2,"CDS1, CHK2, HuCds1, LFS2, PP1425",9606,HGNC:16627,CHEK2,CHEK2
202230_s_at,CHERP,10523,calcium homeostasis endoplasmic reticulum protein,CHERP,"DAN16, SCAF6, SRA1",9606,HGNC:16930,CHERP,CHERP
219492_at,CHIC2,26511,cysteine rich hydrophobic domain 2,CHIC2,BTL,9606,HGNC:1935,CHIC2,CHIC2
218571_s_at,CHMP4A,29082,charged multivesicular body protein 4A,CHMP4A,"C14orf123, CHMP4, CHMP4B, HSPC134, SHAX2",9606,HGNC:20274,CHMP4A,CHMP4A
218743_at,CHMP6,79643,charged multivesicular body protein 6,CHMP6,VPS20,9606,HGNC:25675,CHMP6,CHMP6
212624_s_at,CHN1,1123,chimerin 1,CHN1,"ARHGAP2, CHN, DURS2, NC, RHOGAP2",9606,HGNC:1943,CHN1,CHN1
218742_at,NARFL,64428,cytosolic iron-sulfur assembly component 3,CIAO3,"HPRN, IOP1, LET1L, NAR1, NARFL",9606,HGNC:14179,NARFL,NARFL
208424_s_at,CIAPIN1,57019,cytokine induced apoptosis inhibitor 1,CIAPIN1,"Anamorsin, CIAE2, DRE2, PRO0915",9606,HGNC:28050,CIAPIN1,CIAPIN1
200810_s_at,CIRBP,1153,cold inducible RNA binding protein,CIRBP,CIRP,9606,HGNC:1982,CIRBP,CIRBP
218597_s_at,CISD1,55847,CDGSH iron sulfur domain 1,CISD1,"C10orf70, MDS029, ZCD1, mitoNEET",9606,HGNC:30880,CISD1,CISD1
221223_x_at,CISH,1154,cytokine inducible SH2 containing protein,CISH,"BACTS2, CIS, CIS-1, G18, SOCS",9606,HGNC:1984,CISH,CISH
200884_at,CKB,1152,creatine kinase B,CKB,"B-CK, BCK, CKBB, CPK-B, HEL-211",9606,HGNC:1991,CKB,CKB
204978_at,SFRS16,11129,CLK4 associating serine/arginine rich protein,CLASRP,"CLASP, SFRS16, SWAP2",9606,HGNC:17731,SFRS16,SFRS16
201735_s_at,CLCN3,1182,chloride voltage-gated channel 3,CLCN3,"CLC3, ClC-3, NEDHYBA, NEDSBA",9606,HGNC:2021,CLCN3,CLCN3
201560_at,CLIC4,25932,chloride intracellular channel 4,CLIC4,"CLIC4L, H1, MTCLIC, huH1, p64H1",9606,HGNC:13518,CLIC4,CLIC4
204809_at,CLPX,10845,caseinolytic mitochondrial matrix peptidase chaperone subunit X,CLPX,EPP2,9606,HGNC:2088,CLPX,CLPX
201561_s_at,CLSTN1,22883,calsyntenin 1,CLSTN1,"ALC-ALPHA, CDHR12, CST-1, CSTN1, PIK3CD",9606,HGNC:17447,CLSTN1,CLSTN1
205172_x_at,CLTB,1212,clathrin light chain B,CLTB,LCB,9606,HGNC:2091,CLTB,CLTB
200614_at,CLTC,1213,clathrin heavy chain,CLTC,"CHC, CHC17, CLH-17, CLTCL2, Hc",9606,HGNC:2092,CLTC,CLTC
217870_s_at,CMPK1,51727,cytidine/uridine monophosphate kinase 1,CMPK1,"CK, CMK, CMPK, UMK, UMP-CMPK",9606,HGNC:18170,CMPK1,CMPK1
217752_s_at,CNDP2,55748,carnosine dipeptidase 2,CNDP2,"CN2, CPGL, HEL-S-13, HsT2298, PEPA",9606,HGNC:24437,CNDP2,CNDP2
203291_at,CNOT4,4850,CCR4-NOT transcription complex subunit 4,CNOT4,"CLONE243, NOT4, NOT4H",9606,HGNC:7880,CNOT4,CNOT4
217931_at,CNPY3,10695,canopy FGF signaling regulator 3,CNPY3,"CAG4A, DEE60, EIEE60, ERDA5, PRAT4A",9606,HGNC:11968,CNPY3,CNPY3
201913_s_at,COASY,80347,Coenzyme A synthase,COASY,"DPCK, NBIA6, NBP, PCH12, PPAT",9606,HGNC:29932,COASY,COASY
203073_at,COG2,22796,component of oligomeric golgi complex 2,COG2,"CDG2Q, LDLC",9606,HGNC:6546,COG2,COG2
212189_s_at,COG4,25839,component of oligomeric golgi complex 4,COG4,"CDG2J, COD1, SWILS",9606,HGNC:18620,COG4,COG4
213190_at,COG7,91949,component of oligomeric golgi complex 7,COG7,CDG2E,9606,HGNC:18622,COG7,COG7
202310_s_at,COL1A1,1277,collagen type I alpha 1 chain,COL1A1,"CAFYD, EDSARTH1, EDSC, OI1, OI2",9606,HGNC:2197,COL1A1,COL1A1
211980_at,COL4A1,1282,collagen type IV alpha 1 chain,COL4A1,"BSVD, BSVD1, COL4A1s, PADMAL, RATOR",9606,HGNC:2202,COL4A1,COL4A1
213110_s_at,COL4A5,1287,collagen type IV alpha 5 chain,COL4A5,"ASLN, ATS, ATS1, CA54",9606,HGNC:2207,COL4A5,COL4A5
201098_at,COPB2,9276,COPI coat complex subunit beta 2,COPB2,"MCPH19, OPDD, beta'-COP",9606,HGNC:2232,COPB2,COPB2
209029_at,COPS7A,50813,COP9 signalosome subunit 7A,COPS7A,"CSN7, CSN7A, SGN7a",9606,HGNC:16758,COPS7A,COPS7A
221227_x_at,COQ3,51805,"coenzyme Q3, methyltransferase",COQ3,"DHHBMT, DHHBMTASE, UG0215E05, bA9819.1",9606,HGNC:18175,COQ3,COQ3
218168_s_at,CABC1,56997,coenzyme Q8A,COQ8A,"ADCK3, ARCA2, CABC1, COQ10D4, COQ8",9606,HGNC:16812,CABC1,CABC1
209083_at,CORO1A,11151,coronin 1A,CORO1A,"CLABP, CLIPINA, HCORO1, IMD8, TACO",9606,HGNC:2252,CORO1A,CORO1A
202119_s_at,CPNE3,8895,copine 3,CPNE3,"CPN3, PRO1071",9606,HGNC:2316,CPNE3,CPNE3
206688_s_at,CPSF4,10898,cleavage and polyadenylation specific factor 4,CPSF4,"CPSF30, NAR, NEB-1, NEB1",9606,HGNC:2327,CPSF4,CPSF4
212115_at,HN1L,57585,cramped chromatin regulator homolog 1,CRAMP1,"CRAMP1L, HN1L, TCE4",9606,HGNC:14122,HN1L,HN1L
204313_s_at,CREB1,1385,cAMP responsive element binding protein 1,CREB1,"CREB, CREB-1",9606,HGNC:2345,CREB1,CREB1
212345_s_at,CREB3L2,64764,cAMP responsive element binding protein 3 like 2,CREB3L2,BBF2H7,9606,HGNC:23720,CREB3L2,CREB3L2
201200_at,CREG1,8804,cellular repressor of E1A stimulated genes 1,CREG1,CREG,9606,HGNC:2351,CREG1,CREG1
218358_at,CRELD2,79174,cysteine rich with EGF like domains 2,CRELD2,,9606,HGNC:28150,CRELD2,CRELD2
202224_at,CRK,1398,"CRK proto-oncogene, adaptor protein",CRK,"CRKII, p38",9606,HGNC:2362,CRK,CRK
212180_at,CRKL,1399,"CRK like proto-oncogene, adaptor protein",CRKL,,9606,HGNC:2363,CRKL,CRKL
201380_at,CRTAP,10491,cartilage associated protein,CRTAP,"CASP, LEPREL3, OI7, P3H5",9606,HGNC:2379,CRTAP,CRTAP
202950_at,CRYZ,1429,crystallin zeta,CRYZ,,9606,HGNC:2419,CRYZ,CRYZ
202329_at,CSK,1445,C-terminal Src kinase,CSK,,9606,HGNC:2444,CSK,CSK
206562_s_at,CSNK1A1,1452,casein kinase 1 alpha 1,CSNK1A1,"CK1, CK1a, CKIa, HEL-S-77p, HLCDGP1",9606,HGNC:2451,CSNK1A1,CSNK1A1
202332_at,CSNK1E,1454,casein kinase 1 epsilon,CSNK1E,"CKIe, CKIepsilon, HCKIE",9606,HGNC:2453,CSNK1E,CSNK1E
203575_at,CSNK2A2,1459,casein kinase 2 alpha 2,CSNK2A2,"CK2A2, CK2alpha', CSNK2A1",9606,HGNC:2459,CSNK2A2,CSNK2A2
200621_at,CSRP1,1465,cysteine and glycine rich protein 1,CSRP1,"CRP, CRP1, CSRP, CYRP, D1S181E",9606,HGNC:2469,CSRP1,CSRP1
202521_at,CTCF,10664,CCCTC-binding factor,CTCF,"CFAP108, FAP108, MRD21",9606,HGNC:13723,CTCF,CTCF
202468_s_at,CTNNAL1,8727,catenin alpha like 1,CTNNAL1,"ACRP, CLLP, alpha-CATU",9606,HGNC:2512,CTNNAL1,CTNNAL1
208407_s_at,CTNND1,1500,catenin delta 1,CTNND1,"BCDS2, CAS, CTNND, P120CAS, P120CTN",9606,HGNC:2515,CTNND1,CTNND1
204925_at,CTNS,1497,"cystinosin, lysosomal cystine transporter",CTNS,"CTNS-LSB, PQLC4, SLC66A4",9606,HGNC:2518,CTNS,CTNS
200766_at,CTSD,1509,cathepsin D,CTSD,"CLN10, CPSD, HEL-S-130P",9606,HGNC:2529,CTSD,CTSD
202087_s_at,CTSL1,1514,cathepsin L,CTSL,"CATL, CTSL1, MEP",9606,HGNC:2537,CTSL1,CTSL1
210074_at,CTSL2,1515,cathepsin V,CTSV,"CATL2, CTSL2, CTSU",9606,HGNC:2538,CTSL2,CTSL2
214074_s_at,CTTN,2017,cortactin,CTTN,EMS1,9606,HGNC:3338,CTTN,CTTN
209774_x_at,CXCL2,2920,C-X-C motif chemokine ligand 2,CXCL2,"CINC-2a, GRO2, GROb, MGSA-b, MIP-2a",9606,HGNC:4603,CXCL2,CXCL2
211919_s_at,CXCR4,7852,C-X-C motif chemokine receptor 4,CXCR4,"CD184, D2S201E, FB22, HM89, HSY3RR",9606,HGNC:2561,CXCR4,CXCR4
209163_at,CYB561,1534,cytochrome b561,CYB561,"CYB561A1, FRRS2, ORTHYP2",9606,HGNC:2571,CYB561,CYB561
208905_at,CYCS,54205,"cytochrome c, somatic",CYCS,"CYC, HCS, THC4",9606,HGNC:19986,CYCS,CYCS
202880_s_at,CYTH1,9267,cytohesin 1,CYTH1,"B2-1, CYTOHESIN-1, D17S811E, PSCD1, SEC7",9606,HGNC:9501,CYTH1,CYTH1
205417_s_at,DAG1,1605,dystroglycan 1,DAG1,"156DAG, A3a, AGRNR, DAG, LGMDR16",9606,HGNC:2666,DAG1,DAG1
221934_s_at,DALRD3,55152,DALR anticodon binding domain containing 3,DALRD3,"DEE86, EIEE86",9606,HGNC:25536,DALRD3///LOC100133719,DALRD3
201763_s_at,DAXX,1616,death domain associated protein,DAXX,"BING2, DAP6, EAP1, SMIM40",9606,HGNC:2681,DAXX,DAXX
203302_at,DCK,1633,deoxycytidine kinase,DCK,,9606,HGNC:2704,DCK,DCK
201572_x_at,DCTD,1635,dCMP deaminase,DCTD,,9606,HGNC:2710,DCTD,DCTD
212851_at,DCUN1D4,23142,defective in cullin neddylation 1 domain containing 4,DCUN1D4,DCNL4,9606,HGNC:28998,DCUN1D4,DCUN1D4
203409_at,DDB2,1643,damage specific DNA binding protein 2,DDB2,"DDBB, UV-DDB2, XPE",9606,HGNC:2718,DDB2,DDB2
202887_s_at,DDIT4,54541,DNA damage inducible transcript 4,DDIT4,"Dig2, REDD-1, REDD1",9606,HGNC:24944,DDIT4,DDIT4
1007_s_at,DDR1,780,discoidin domain receptor tyrosine kinase 1,DDR1,"CAK, CD167, DDR, EDDR1, HGK2",9606,HGNC:2730,DDR1,DDR1
204977_at,DDX10,1662,DEAD-box helicase 10,DDX10,"Dbp4, HRH-J8",9606,HGNC:2735,DDX10,DDX10
201788_at,DDX42,11325,DEAD-box helicase 42,DDX42,"DDX42P, RHELP, RNAHP, SF3B8, SF3b125",9606,HGNC:18676,DDX42,DDX42
210811_s_at,DDX49,54555,DEAD-box helicase 49,DDX49,"Dbp8, R27090_2",9606,HGNC:18684,DDX49,DDX49
202447_at,DECR1,1666,"2,4-dienoyl-CoA reductase 1",DECR1,"DECR, NADPH, SDR18C1",9606,HGNC:2753,DECR1,DECR1
221081_s_at,DENND2D,79961,DENN domain containing 2D,DENND2D,,9606,HGNC:26192,DENND2D,DENND2D
218102_at,DERA,51071,deoxyribose-phosphate aldolase,DERA,"CGI-26, DEOC",9606,HGNC:24269,DERA,DERA
203277_at,DFFA,1676,DNA fragmentation factor subunit alpha,DFFA,"DFF-45, DFF1, ICAD",9606,HGNC:2772,DFFA,DFFA
206752_s_at,DFFB,1677,DNA fragmentation factor subunit beta,DFFB,"CAD, CPAN, DFF-40, DFF2, DFF40",9606,HGNC:2773,DFFB,DFFB
218547_at,DHDDS,79947,dehydrodolichyl diphosphate synthase subunit,DHDDS,"CIT, CPT, DEDSM, DS, HDS",9606,HGNC:20603,DHDDS,DHDDS
207831_x_at,DHPS,1725,deoxyhypusine synthase,DHPS,"DHS, DS, MIG13, NEDSSWI",9606,HGNC:2869,DHPS,DHPS
210788_s_at,DHRS7,51635,dehydrogenase/reductase 7,DHRS7,"CGI-86, SDR34C1, retDSR4, retSDR4",9606,HGNC:21524,DHRS7,DHRS7
212648_at,DHX29,54505,DExH-box helicase 29,DHX29,DDX29,9606,HGNC:15815,DHX29,DHX29
203334_at,DHX8,1659,DEAH-box helicase 8,DHX8,"DDX8, Dhr2, HRH1, PRP22, PRPF22",9606,HGNC:2749,DHX8,DHX8
213689_x_at,FAM69A,388650,divergent protein kinase domain 1A,DIPK1A,FAM69A,9606,HGNC:32213,FAM69A,FAM69A
209095_at,DLD,1738,dihydrolipoamide dehydrogenase,DLD,"DLDD, DLDH, E3, GCSL, LAD",9606,HGNC:2898,DLD,DLD
203764_at,DLGAP5,9787,DLG associated protein 5,DLGAP5,"DLG7, HURP",9606,HGNC:16864,DLGAP5,DLGAP5
213995_at,ATP5S,27109,distal membrane arm assembly component 2 like,DMAC2L,"ATP5S, ATPW, FB, HSU79253",9606,HGNC:18799,ATP5S,ATP5S
203301_s_at,DMTF1,9988,cyclin D binding myb like transcription factor 1,DMTF1,"DMP1, DMTF, MRUL, hDMP1",9606,HGNC:14603,DMTF1,DMTF1
205963_s_at,DNAJA3,9093,DnaJ heat shock protein family (Hsp40) member A3,DNAJA3,"HCA57, TID1, hTID-1",9606,HGNC:11808,DNAJA3,DNAJA3
200666_s_at,DNAJB1,3337,DnaJ heat shock protein family (Hsp40) member B1,DNAJB1,"HSPF1, Hdj1, Hsp40, RSPH16B, Sis1",9606,HGNC:5270,DNAJB1,DNAJB1
202866_at,DNAJB12,54788,DnaJ heat shock protein family (Hsp40) member B12,DNAJB12,DJ10,9606,HGNC:14891,DNAJB12,DNAJB12
202500_at,DNAJB2,3300,DnaJ heat shock protein family (Hsp40) member B2,DNAJB2,"CMT2T, DSMA5, HSJ-1, HSJ1, HSPF3",9606,HGNC:5228,DNAJB2,DNAJB2
209015_s_at,DNAJB6,10049,DnaJ heat shock protein family (Hsp40) member B6,DNAJB6,"DJ4, DnaJ, HHDJ1, HSJ-2, HSJ2",9606,HGNC:14888,DNAJB6,DNAJB6
218435_at,DNAJC15,29103,DnaJ heat shock protein family (Hsp40) member C15,DNAJC15,"DNAJD1, HSD18, MCJ",9606,HGNC:20325,DNAJC15,DNAJC15
215116_s_at,DNM1,1759,dynamin 1,DNM1,"DEE31, DNM, EIEE31",9606,HGNC:2972,DNM1,DNM1
203105_s_at,DNM1L,10059,dynamin 1 like,DNM1L,"DLP1, DRP1, DVLP, DYMPLE, EMPF",9606,HGNC:2973,DNM1L,DNM1L
201697_s_at,DNMT1,1786,DNA methyltransferase 1,DNMT1,"ADCADN, AIM, CXXC9, DNMT, HSN1E",9606,HGNC:2976,DNMT1,DNMT1
218457_s_at,DNMT3A,1788,DNA methyltransferase 3 alpha,DNMT3A,"DNMT3A2, HESJAS, M.HsaIIIA, TBRS",9606,HGNC:2978,DNMT3A,DNMT3A
202776_at,DNTTIP2,30836,deoxynucleotidyltransferase terminal interacting protein 2,DNTTIP2,"ERBP, FCF2, HSU15552, LPTS-RP2, TdIF2",9606,HGNC:24013,DNTTIP2,DNTTIP2
209691_s_at,DOK4,55715,docking protein 4,DOK4,"IRS-5, IRS5",9606,HGNC:19868,DOK4,DOK4
204514_at,DPH2,1802,diphthamide biosynthesis 2,DPH2,DPH2L2,9606,HGNC:3004,DPH2,DPH2
203258_at,DRAP1,10589,DR1 associated protein 1,DRAP1,NC2-alpha,9606,HGNC:3019,DRAP1,DRAP1
218854_at,DSE,29940,dermatan sulfate epimerase,DSE,"DS-epi1, DSEP, DSEPI, EDSMC2, SART-2",9606,HGNC:21144,DSE,DSE
217901_at,DSG2,1829,desmoglein 2,DSG2,"CDHF5, HDGC",9606,HGNC:3049,DSG2,DSG2
205741_s_at,DTNA,1837,dystrobrevin alpha,DTNA,"D18S892E, DRP3, DTN, DTN-A, LVNC1",9606,HGNC:3057,DTNA,DTNA
202703_at,DUSP11,8446,dual specificity phosphatase 11,DUSP11,PIR1,9606,HGNC:3066,DUSP11,DUSP11
203367_at,DUSP14,11072,dual specificity phosphatase 14,DUSP14,"MKP-L, MKP6",9606,HGNC:17007,DUSP14,DUSP14
218845_at,DUSP22,56940,dual specificity phosphatase 22,DUSP22,"JKAP, JSP-1, JSP1, LMW-DSP2, LMWDSP2",9606,HGNC:16077,DUSP22,DUSP22
201536_at,DUSP3,1845,dual specificity phosphatase 3,DUSP3,VHR,9606,HGNC:3069,DUSP3,DUSP3
204014_at,DUSP4,1846,dual specificity phosphatase 4,DUSP4,"HVH2, MKP-2, MKP2, TYP",9606,HGNC:3070,DUSP4,DUSP4
208891_at,DUSP6,1848,dual specificity phosphatase 6,DUSP6,"HH19, MKP3, PYST1",9606,HGNC:3072,DUSP6,DUSP6
203303_at,DYNLT3,6990,dynein light chain Tctex-type 3,DYNLT3,"RP3, TCTE1L, TCTEX1L",9606,HGNC:11694,DYNLT3,DYNLT3
210151_s_at,DYRK3,8444,dual specificity tyrosine phosphorylation regulated kinase 3,DYRK3,"DYRK5, RED, REDK, hYAK3-2",9606,HGNC:3094,DYRK3,DYRK3
207042_at,E2F2,1870,E2F transcription factor 2,E2F2,E2F-2,9606,HGNC:3114,E2F2,E2F2
202623_at,EAPP,55837,E2F associated phosphoprotein,EAPP,"BM036, C14orf11",9606,HGNC:19312,EAPP,EAPP
201323_at,EBNA1BP2,10969,EBNA1 binding protein 2,EBNA1BP2,"EBP2, NOBP, P40",9606,HGNC:15531,EBNA1BP2,EBNA1BP2
202735_at,EBP,10682,EBP cholestenol delta-isomerase,EBP,"CDPX2, CHO2, CPX, CPXD, MEND",9606,HGNC:3133,EBP,EBP
203013_at,ECD,11319,ecdysoneless cell cycle regulator,ECD,"GCR2, HSGT1, SGT1",9606,HGNC:17029,ECD,ECD
200789_at,ECH1,1891,enoyl-CoA hydratase 1,ECH1,HPXEL,9606,HGNC:3149,ECH1,ECH1
219974_x_at,ECHDC1,55862,ethylmalonyl-CoA decarboxylase 1,ECHDC1,"HEL-S-76, MMCD, dJ351K20.2",9606,HGNC:21489,ECHDC1,ECHDC1
203279_at,EDEM1,9695,ER degradation enhancing alpha-mannosidase like protein 1,EDEM1,EDEM,9606,HGNC:18967,EDEM1,EDEM1
218995_s_at,EDN1,1906,endothelin 1,EDN1,"ARCND3, ET1, HDLCQ7, PPET1, QME",9606,HGNC:3176,EDN1,EDN1
209572_s_at,EED,8726,embryonic ectoderm development,EED,"COGIS, HEED, WAIT1",9606,HGNC:3188,EED,EED
201778_s_at,KIAA0494,9813,EF-hand calcium binding domain 14,EFCAB14,KIAA0494,9606,HGNC:29051,KIAA0494,KIAA0494
205031_at,EFNB3,1949,ephrin B3,EFNB3,"EFL6, EPLG8, LERK8",9606,HGNC:3228,EFNB3,EFNB3
206254_at,EGF,1950,epidermal growth factor,EGF,"HOMG4, URG",9606,HGNC:3229,EGF,EGF
201984_s_at,EGFR,1956,epidermal growth factor receptor,EGFR,"ERBB, ERBB1, ERRP, HER1, NISBD2",9606,HGNC:3236,EGFR,EGFR
201693_s_at,EGR1,1958,early growth response 1,EGR1,"AT225, G0S30, KROX-24, NGFI-A, TIS8",9606,HGNC:3238,EGR1,EGR1
201738_at,EIF1B,10289,eukaryotic translation initiation factor 1B,EIF1B,GC20,9606,HGNC:30792,EIF1B,EIF1B
221539_at,EIF4EBP1,1978,eukaryotic translation initiation factor 4E binding protein 1,EIF4EBP1,"4E-BP1, 4EBP1, BP-1, PHAS-I",9606,HGNC:3288,EIF4EBP1,EIF4EBP1
208624_s_at,EIF4G1,1981,eukaryotic translation initiation factor 4 gamma 1,EIF4G1,"EIF-4G1, EIF4F, EIF4G, EIF4GI, P220",9606,HGNC:3296,EIF4G1,EIF4G1
208708_x_at,EIF5,1983,eukaryotic translation initiation factor 5,EIF5,"EIF-5, EIF-5A",9606,HGNC:3299,EIF5,EIF5
201767_s_at,ELAC2,60528,elaC ribonuclease Z 2,ELAC2,"COXPD17, ELC2, HPC2",9606,HGNC:14198,ELAC2,ELAC2
201727_s_at,ELAVL1,1994,ELAV like RNA binding protein 1,ELAVL1,"ELAV1, HUR, Hua, MelG",9606,HGNC:3312,ELAVL1,ELAVL1
204256_at,ELOVL6,79071,ELOVL fatty acid elongase 6,ELOVL6,"FACE, FAE, LCE, hELO2",9606,HGNC:15829,ELOVL6,ELOVL6
202491_s_at,IKBKAP,8518,elongator acetyltransferase complex subunit 1,ELP1,"DYS, FD, IKAP, IKBKAP, IKI3",9606,HGNC:5959,IKBKAP,IKBKAP
203442_x_at,EML3,256364,EMAP like 3,EML3,"ELP95, EMAP3, EMAP95",9606,HGNC:26666,EML3,EML3
217956_s_at,ENOPH1,58478,enolase-phosphatase 1,ENOPH1,"E1, MASA, MST145, mtnC",9606,HGNC:24599,ENOPH1,ENOPH1
204143_s_at,ENOSF1,55556,enolase superfamily member 1,ENOSF1,"FUCD, RTS, TYMSAS",9606,HGNC:30365,ENOSF1,ENOSF1
201704_at,ENTPD6,955,ectonucleoside triphosphate diphosphohydrolase 6,ENTPD6,"CD39L2, IL-6SAG, IL6ST2, NTPDase-6, dJ738P15.3",9606,HGNC:3368,ENTPD6,ENTPD6
201719_s_at,EPB41L2,2037,erythrocyte membrane protein band 4.1 like 2,EPB41L2,"4.1-G, 4.1G",9606,HGNC:3379,EPB41L2,EPB41L2
220161_s_at,EPB41L4B,54566,erythrocyte membrane protein band 4.1 like 4B,EPB41L4B,"CG1, EHM2, LULU2",9606,HGNC:19818,EPB41L4B,EPB41L4B
203499_at,EPHA2,1969,EPH receptor A2,EPHA2,"ARCC2, CTPA, CTPP1, CTRCT6, ECK",9606,HGNC:3386,EPHA2,EPHA2
206070_s_at,EPHA3,2042,EPH receptor A3,EPHA3,"EK4, ETK, ETK1, HEK, HEK4",9606,HGNC:3387,EPHA3,EPHA3
209588_at,EPHB2,2048,EPH receptor B2,EPHB2,"BDPLT22, CAPB, DRT, EK5, EPHT3",9606,HGNC:3393,EPHB2,EPHB2
202894_at,EPHB4,2050,EPH receptor B4,EPHB4,"CMAVM2, HFASD, HTK, LMPHM7, MYK1",9606,HGNC:3395,EPHB4,EPHB4
203464_s_at,EPN2,22905,epsin 2,EPN2,EHB21,9606,HGNC:18639,EPN2,EPN2
200843_s_at,EPRS,2058,glutamyl-prolyl-tRNA synthetase 1,EPRS1,"EARS, EPRS, GLUPRORS, HLD15, PARS",9606,HGNC:3418,EPRS,EPRS
216836_s_at,ERBB2,2064,erb-b2 receptor tyrosine kinase 2,ERBB2,"CD340, HER-2, HER-2/neu, HER2, MLN 19",9606,HGNC:3430,ERBB2,ERBB2
202454_s_at,ERBB3,2065,erb-b2 receptor tyrosine kinase 3,ERBB3,"ErbB-3, FERLK, HER3, LCCS2, MDA-BF-1",9606,HGNC:3431,ERBB3,ERBB3
203720_s_at,ERCC1,2067,"ERCC excision repair 1, endonuclease non-catalytic subunit",ERCC1,"COFS4, RAD10, UV20",9606,HGNC:3433,ERCC1,ERCC1
202414_at,ERCC5,2073,"ERCC excision repair 5, endonuclease",ERCC5,"COFS3, ERCC5-201, ERCM2, UVDR, XPG",9606,HGNC:3437,ERCC5,ERCC5
219650_at,ERCC6L,54821,"ERCC excision repair 6 like, spindle assembly checkpoint helicase",ERCC6L,"PICH, RAD26L",9606,HGNC:20794,ERCC6L,ERCC6L
202441_at,ERLIN1,10613,ER lipid raft associated 1,ERLIN1,"C10orf69, Erlin-1, KE04, KEO4, SPFH1",9606,HGNC:16947,ERLIN1,ERLIN1
218498_s_at,ERO1L,30001,endoplasmic reticulum oxidoreductase 1 alpha,ERO1A,"ERO1-L, ERO1-L-alpha, ERO1-alpha, ERO1L, ERO1LA",9606,HGNC:13280,ERO1L,ERO1L
201931_at,ETFA,2108,electron transfer flavoprotein subunit alpha,ETFA,"EMA, GA2, MADD",9606,HGNC:3481,ETFA,ETFA
202942_at,ETFB,2109,electron transfer flavoprotein subunit beta,ETFB,"FP585, MADD",9606,HGNC:3482,ETFB,ETFB
214447_at,ETS1,2113,"ETS proto-oncogene 1, transcription factor",ETS1,"ETS-1, EWSR2, c-ets-1, p54",9606,HGNC:3488,ETS1,ETS1
206501_x_at,ETV1,2115,ETS variant transcription factor 1,ETV1,ER81,9606,HGNC:3490,ETV1,ETV1
217838_s_at,EVL,51466,Enah/Vasp-like,EVL,RNB6,9606,HGNC:20234,EVL,EVL
218695_at,EXOSC4,54512,exosome component 4,EXOSC4,"RRP41, RRP41A, Rrp41p, SKI6, Ski6p",9606,HGNC:18189,EXOSC4,EXOSC4
201995_at,EXT1,2131,exostosin glycosyltransferase 1,EXT1,"EXT, LGCR, LGS, TRPS2, TTV",9606,HGNC:3512,EXT1,EXT1
203358_s_at,EZH2,2146,enhancer of zeste 2 polycomb repressive complex 2 subunit,EZH2,"ENX-1, ENX1, EZH2b, KMT6, KMT6A",9606,HGNC:3527,EZH2,EZH2
205774_at,F12,2161,coagulation factor XII,F12,"HAE3, HAEX, HAF",9606,HGNC:3530,F12,F12
202535_at,FADD,8772,Fas associated via death domain,FADD,"GIG3, IMD90, MORT1",9606,HGNC:3573,FADD,FADD
202862_at,FAH,2184,fumarylacetoacetate hydrolase,FAH,,9606,HGNC:3579,FAH,FAH
220643_s_at,FAIM,55179,Fas apoptotic inhibitory molecule,FAIM,FAIM1,9606,HGNC:18703,FAIM,FAIM
220942_x_at,FAM162A,26355,family with sequence similarity 162 member A,FAM162A,"C3orf28, E2IG5, HGTD-P",9606,HGNC:17865,FAM162A,FAM162A
202916_s_at,FAM20B,9917,FAM20B glycosaminoglycan xylosylkinase,FAM20B,gxk1,9606,HGNC:23017,FAM20B,FAM20B
201889_at,FAM3C,10447,FAM3 metabolism regulating signaling molecule C,FAM3C,"GS3786, ILEI",9606,HGNC:18664,FAM3C,FAM3C
203806_s_at,FANCA,2175,FA complementation group A,FANCA,"FA, FA-H, FA1, FAA, FACA",9606,HGNC:3582,FANCA,FANCA
218397_at,FANCL,55120,FA complementation group L,FANCL,"FAAP43, PHF9, POG",9606,HGNC:20748,FANCL,FANCL
204781_s_at,FAS,355,Fas cell surface death receptor,FAS,"ALPS1A, APO-1, APT1, CD95, FAS1",9606,HGNC:11920,FAS,FAS
219016_at,FASTKD5,60493,FAST kinase domains 5,FASTKD5,dJ1187M17.5,9606,HGNC:25790,FASTKD5,FASTKD5
201579_at,FAT1,2195,FAT atypical cadherin 1,FAT1,"CDHF7, CDHR8, FAT, ME5, hFat1",9606,HGNC:3595,FAT1,FAT1
218255_s_at,FBRS,64319,fibrosin,FBRS,"FBS, FBS1",9606,HGNC:20442,FBRS,FBRS
220127_s_at,FBXL12,54850,F-box and leucine rich repeat protein 12,FBXL12,Fbl12,9606,HGNC:13611,FBXL12,FBXL12
219208_at,FBXO11,80204,F-box protein 11,FBXO11,"FBX11, IDDFBA, PRMT9, UBR6, UG063H01",9606,HGNC:13590,FBXO11,FBXO11
212231_at,FBXO21,23014,F-box protein 21,FBXO21,FBX21,9606,HGNC:13592,FBXO21,FBXO21
201178_at,FBXO7,25793,F-box protein 7,FBXO7,"FBX, FBX07, FBX7, PARK15, PKPS",9606,HGNC:13586,FBXO7,FBXO7
213669_at,FCHO1,23149,FCH and mu domain containing endocytic adaptor 1,FCHO1,IMD76,9606,HGNC:29002,FCHO1,FCHO1
208647_at,FDFT1,2222,farnesyl-diphosphate farnesyltransferase 1,FDFT1,"DGPT, ERG9, SQS, SQSD, SS",9606,HGNC:3629,FDFT1,FDFT1
203646_at,FDX1,2230,ferredoxin 1,FDX1,"ADX, FDX, LOH11CR1D",9606,HGNC:3638,FDX1,FDX1
203562_at,FEZ1,9638,fasciculation and elongation protein zeta 1,FEZ1,UNC-76,9606,HGNC:3659,FEZ1,FEZ1
215000_s_at,FEZ2,9637,fasciculation and elongation protein zeta 2,FEZ2,HUM3CL,9606,HGNC:3660,FEZ2,FEZ2
203639_s_at,FGFR2,2263,fibroblast growth factor receptor 2,FGFR2,"BBDS, BEK, BFR-1, CD332, CEK3",9606,HGNC:3689,FGFR2,FGFR2
204579_at,FGFR4,2264,fibroblast growth factor receptor 4,FGFR4,"CD334, JTK2, TKF",9606,HGNC:3691,FGFR4,FGFR4
202949_s_at,FHL2,2274,four and a half LIM domains 2,FHL2,"AAG11, DRAL, FHL-2, SLIM-3, SLIM3",9606,HGNC:3703,FHL2,FHL2
218034_at,FIS1,51024,"fission, mitochondrial 1",FIS1,"CGI-135, TTC11",9606,HGNC:21689,FIS1,FIS1
219390_at,FKBP14,55033,FKBP prolyl isomerase 14,FKBP14,"EDSKMH, EDSKSCL2, FKBP22, IPBP12",9606,HGNC:18625,FKBP14,FKBP14
200895_s_at,FKBP4,2288,FKBP prolyl isomerase 4,FKBP4,"FKBP51, FKBP52, FKBP59, HBI, Hsp56",9606,HGNC:3720,FKBP4,FKBP4
209189_at,FOS,2353,"Fos proto-oncogene, AP-1 transcription factor subunit",FOS,"AP-1, C-FOS, p55",9606,HGNC:3796,FOS,FOS
204420_at,FOSL1,8061,"FOS like 1, AP-1 transcription factor subunit",FOSL1,"FRA, FRA1, fra-1",9606,HGNC:13718,FOSL1,FOSL1
206015_s_at,FOXJ3,22887,forkhead box J3,FOXJ3,,9606,HGNC:29178,FOXJ3,FOXJ3
204131_s_at,FOXO3,2309,forkhead box O3,FOXO3,"AF6q21, FKHRL1, FKHRL1P2, FOXO2, FOXO3A",9606,HGNC:3821,FOXO3,FOXO3
205451_at,FOXO4,4303,forkhead box O4,FOXO4,"AFX, AFX1, MLLT7",9606,HGNC:7139,FOXO4,FOXO4
202945_at,FPGS,2356,folylpolyglutamate synthase,FPGS,,9606,HGNC:3824,FPGS,FPGS
221308_at,FRS2,10818,fibroblast growth factor receptor substrate 2,FRS2,"FRS1A, FRS2A, FRS2alpha, SNT, SNT-1",9606,HGNC:16971,FRS2,FRS2
219170_at,FSD1,79187,fibronectin type III and SPRY domain containing 1,FSD1,"GLFND, MIR1",9606,HGNC:13745,FSD1,FSD1
205324_s_at,FTSJ1,24140,FtsJ RNA 2'-O-methyltransferase 1,FTSJ1,"CDLIV, JM23, MRX44, MRX9, SPB1",9606,HGNC:13254,FTSJ1,FTSJ1
206109_at,FUT1,2523,fucosyltransferase 1 (H blood group),FUT1,"H, HH, HSC",9606,HGNC:4012,FUT1,FUT1
221187_s_at,FUZ,80199,fuzzy planar cell polarity protein,FUZ,"CPLANE3, FY, NTD",9606,HGNC:26219,FUZ,FUZ
210105_s_at,FYN,2534,"FYN proto-oncogene, Src family tyrosine kinase",FYN,"SLK, SYN, p59-FYN",9606,HGNC:4037,FYN,FYN
204451_at,FZD1,8321,frizzled class receptor 1,FZD1,,9606,HGNC:4038,FZD1,FZD1
221245_s_at,FZD5,7855,frizzled class receptor 5,FZD5,"C2orf31, HFZ5",9606,HGNC:4043,FZD5,FZD5
203705_s_at,FZD7,8324,frizzled class receptor 7,FZD7,FzE3,9606,HGNC:4045,FZD7,FZD7
201503_at,G3BP1,10146,G3BP stress granule assembly factor 1,G3BP1,"G3BP, HDH-VIII",9606,HGNC:30292,G3BP1,G3BP1
202812_at,GAA,2548,alpha glucosidase,GAA,LYAG,9606,HGNC:4065,GAA,GAA
206173_x_at,GABPB1,2553,GA binding protein transcription factor subunit beta 1,GABPB1,"BABPB2, E4TF1, E4TF1-47, E4TF1-53, E4TF1B",9606,HGNC:4074,GABPB1,GABPB1
203725_at,GADD45A,1647,growth arrest and DNA damage inducible alpha,GADD45A,"DDIT1, GADD45",9606,HGNC:4095,GADD45A,GADD45A
209304_x_at,GADD45B,4616,growth arrest and DNA damage inducible beta,GADD45B,"GADD45BETA, MYD118",9606,HGNC:4096,GADD45B,GADD45B
202528_at,GALE,2582,UDP-galactose-4-epimerase,GALE,SDR1E1,9606,HGNC:4116,GALE,GALE
217398_x_at,GAPDH,2597,glyceraldehyde-3-phosphate dehydrogenase,GAPDH,"G3PD, GAPD, HEL-S-162eP",9606,HGNC:4141,GAPDH,GAPDH
203288_at,KIAA0355,9710,granule associated Rac and RHOG effector 1,GARRE1,KIAA0355,9606,HGNC:29016,KIAA0355,KIAA0355
209710_at,GATA2,2624,GATA binding protein 2,GATA2,"DCML, IMD21, MONOMAC, NFE1B",9606,HGNC:4171,GATA2,GATA2
209603_at,GATA3,2625,GATA binding protein 3,GATA3,"HDR, HDRS",9606,HGNC:4172,GATA3,GATA3
213343_s_at,GDPD5,81544,glycerophosphodiester phosphodiesterase domain containing 5,GDPD5,"GDE2, PP1665",9606,HGNC:28804,GDPD5,GDPD5
202749_at,WRB,7485,guided entry of tail-anchored proteins factor 1,GET1,"CHD5, WRB",9606,HGNC:12790,WRB,WRB
219821_s_at,GFOD1,54438,glucose-fructose oxidoreductase domain containing 1,GFOD1,"ADG-90, C6orf114",9606,HGNC:21096,GFOD1,GFOD1
202722_s_at,GFPT1,2673,glutamine--fructose-6-phosphate transaminase 1,GFPT1,"CMS12, CMSTA1, GFA, GFAT, GFAT 1",9606,HGNC:4241,GFPT1,GFPT1
36936_at,TSTA3,7264,GDP-L-fucose synthase,GFUS,"FX, P35B, SDR4E1, TSTA3",9606,HGNC:12390,TSTA3,TSTA3
213772_s_at,GGA2,23062,"golgi associated, gamma adaptin ear containing, ARF binding protein 2",GGA2,VEAR,9606,HGNC:16064,GGA2,GGA2
205498_at,GHR,2690,growth hormone receptor,GHR,"GHBP, GHIP",9606,HGNC:4263,GHR,GHR
207034_s_at,GLI2,2736,GLI family zinc finger 2,GLI2,"CJS, HPE9, PHS2, THP1, THP2",9606,HGNC:4318,GLI2,GLI2
209092_s_at,GLOD4,51031,glyoxalase domain containing 4,GLOD4,"C17orf25, CGI-150, HC6, HC71",9606,HGNC:14111,GLOD4,GLOD4
206662_at,GLRX,2745,glutaredoxin,GLRX,"GRX, GRX1",9606,HGNC:4330,GLRX,GLRX
212737_at,GM2A,2760,ganglioside GM2 activator,GM2A,"GM2-AP, GM2AP, SAP-3",9606,HGNC:4367,GM2A,GM2A
214106_s_at,GMDS,2762,"GDP-mannose 4,6-dehydratase",GMDS,"GMD, SDR3E1",9606,HGNC:4369,GMDS,GMDS
218350_s_at,GMNN,51053,geminin DNA replication inhibitor,GMNN,"Gem, MGORS6",9606,HGNC:17493,GMNN,GMNN
40562_at,GNA11,2767,G protein subunit alpha 11,GNA11,"FBH, FBH2, FHH2, GNA-11, HG1K",9606,HGNC:4379,GNA11,GNA11
205349_at,GNA15,2769,G protein subunit alpha 15,GNA15,"GNA16, HG1L",9606,HGNC:4383,GNA15,GNA15
209576_at,GNAI1,2770,G protein subunit alpha i1,GNAI1,"Gi, HG1B, NEDHISB",9606,HGNC:4384,GNAI1,GNAI1
201040_at,GNAI2,2771,G protein subunit alpha i2,GNAI2,"GIP, GNAI2B, HG1C, H_LUCA15.1, H_LUCA16.1",9606,HGNC:4385,GNAI2,GNAI2
200981_x_at,GNAS,2778,GNAS complex locus,GNAS,"AHO, C20orf45, GNAS1, GPSA, GSA",9606,HGNC:4392,GNAS,GNAS
204000_at,GNB5,10681,G protein subunit beta 5,GNB5,"GB5, HG2E, IDDCA, LADCI, gbeta5",9606,HGNC:4401,GNB5,GNB5
202382_s_at,GNPDA1,10007,glucosamine-6-phosphate deaminase 1,GNPDA1,"GNP1, GNPDA, GNPI, GPI, HLN",9606,HGNC:4417,GNPDA1,GNPDA1
204324_s_at,GOLIM4,27333,golgi integral membrane protein 4,GOLIM4,"GIMPC, GOLPH4, GPP130, P138",9606,HGNC:15448,GOLIM4,GOLIM4
218193_s_at,GOLT1B,51026,golgi transport 1B,GOLT1B,"CGI-141, GCT2, GOT1, GOT1B, YMR292W",9606,HGNC:20175,GOLT1B,GOLT1B
212485_at,GPATCH8,23131,G-patch domain containing 8,GPATCH8,"GPATC8, KIAA0553",9606,HGNC:29066,GPATCH8,GPATCH8
202756_s_at,GPC1,2817,glypican 1,GPC1,glypican,9606,HGNC:4449,GPC1,GPC1
210640_s_at,GPER,2852,G protein-coupled estrogen receptor 1,GPER1,"CEPR, CMKRL2, DRY12, FEG-1, GPCR-Br",9606,HGNC:4485,GPER,GPER
219327_s_at,GPRC5C,55890,G protein-coupled receptor class C group 5 member C,GPRC5C,"RAIG-3, RAIG3",9606,HGNC:13309,GPRC5C,GPRC5C
209409_at,GRB10,2887,growth factor receptor bound protein 10,GRB10,"GRB-IR, Grb-10, IRBP, MEG1, RSS",9606,HGNC:4564,GRB10,GRB10
210761_s_at,GRB7,2886,growth factor receptor bound protein 7,GRB7,,9606,HGNC:4567,GRB7,GRB7
201347_x_at,GRHPR,9380,glyoxylate and hydroxypyruvate reductase,GRHPR,"GLXR, GLYD, PH2",9606,HGNC:4570,GRHPR,GRHPR
200678_x_at,GRN,2896,granulin precursor,GRN,"CLN11, GEP, GP88, PCDGF, PEPI",9606,HGNC:4601,GRN,GRN
221549_at,GRWD1,83743,glutamate rich WD repeat containing 1,GRWD1,"CDW4, GRWD, RRB1, WDR28",9606,HGNC:21270,GRWD1,GRWD1
204418_x_at,GSTM2,2946,glutathione S-transferase mu 2,GSTM2,"GST4, GSTM, GSTM2-2, GTHMUS",9606,HGNC:4634,GSTM2,GSTM2
209531_at,GSTZ1,2954,glutathione S-transferase zeta 1,GSTZ1,"GSTZ1-1, MAAI, MAAID, MAI",9606,HGNC:4643,GSTZ1,GSTZ1
202678_at,GTF2A2,2958,general transcription factor IIA subunit 2,GTF2A2,"HsT18745, T18745, TF2A2, TFIIA, TFIIA-12",9606,HGNC:4647,GTF2A2,GTF2A2
202680_at,GTF2E2,2961,general transcription factor IIE subunit 2,GTF2E2,"FE, TF2E2, TFIIE-B, TTD6",9606,HGNC:4651,GTF2E2,GTF2E2
221046_s_at,GTPBP8,29083,GTP binding protein 8 (putative),GTPBP8,HSPC135,9606,HGNC:25007,GTPBP8,GTPBP8
201673_s_at,GYS1,2997,glycogen synthase 1,GYS1,"GSY, GYS",9606,HGNC:4706,GYS1,GYS1
212206_s_at,H2AFV,94239,H2A.Z variant histone 2,H2AZ2,"H2A.Z-2, H2AFV, H2AV",9606,HGNC:20664,H2AFV,H2AFV
209806_at,HIST1H2BK,85236,H2B clustered histone 12,H2BC12,"H2B/S, H2BFAiii, H2BFT, H2BK, HIST1H2BK",9606,HGNC:13954,HIST1H2BK,HIST1H2BK
202708_s_at,HIST2H2BE,8349,H2B clustered histone 21,H2BC21,"GL105, H2B, H2B-GL105, H2B.1, H2BE",9606,HGNC:4760,HIST2H2BE,HIST2H2BE
209911_x_at,HIST1H2BD,3017,H2B clustered histone 5,H2BC5,"H2B.1B, H2B/a, H2B/b, H2B/g, H2B/h",9606,HGNC:4747,HIST1H2BD,HIST1H2BD
219654_at,PTPLA,9200,3-hydroxyacyl-CoA dehydratase 1,HACD1,"CAP, PTPLA",9606,HGNC:9639,PTPLA,PTPLA
217777_s_at,PTPLAD1,51495,3-hydroxyacyl-CoA dehydratase 3,HACD3,"B-IND1, BIND1, HSPC121, PTPLAD1",9606,HGNC:24175,PTPLAD1,PTPLAD1
201036_s_at,HADH,3033,hydroxyacyl-CoA dehydrogenase,HADH,"HAD, HADH1, HADHSC, HCDH, HHF4",9606,HGNC:4799,HADH,HADH
201007_at,HADHB,3032,hydroxyacyl-CoA dehydrogenase trifunctional multienzyme complex subunit beta,HADHB,"ECHB, MSTP029, MTPB, TP-BETA",9606,HGNC:4803,HADHB,HADHB
203138_at,HAT1,8520,histone acetyltransferase 1,HAT1,KAT1,9606,HGNC:4821,HAT1,HAT1
205919_at,HBE1,3046,hemoglobin subunit epsilon 1,HBE1,HBE,9606,HGNC:4830,HBE1,HBE1
201833_at,HDAC2,3066,histone deacetylase 2,HDAC2,"HD2, KDAC2, RPD3, YAF1",9606,HGNC:4853,HDAC2,HDAC2
204225_at,HDAC4,9759,histone deacetylase 4,HDAC4,"AHO3, BDMR, HA6116, HD4, HDAC-4",9606,HGNC:14063,HDAC4,HDAC4
206846_s_at,HDAC6,10013,histone deacetylase 6,HDAC6,"CPBHM, HD6, JM21, PPP1R90",9606,HGNC:14064,HDAC6,HDAC6
209526_s_at,HDGFRP3,50810,HDGF like 3,HDGFL3,"CGI-142, HDGF-2, HDGF2, HDGFRP3, HRP-3",9606,HGNC:24937,HDGFRP3,HDGFRP3
218595_s_at,HEATR1,55127,HEAT repeat containing 1,HEATR1,"BAP28, UTP10",9606,HGNC:25517,HEATR1,HEATR1
218450_at,HEBP1,50865,heme binding protein 1,HEBP1,"HBP, HEBP",9606,HGNC:17176,HEBP1,HEBP1
219352_at,HERC6,55008,HECT and RLD domain containing E3 ubiquitin protein ligase family member 6,HERC6,,9606,HGNC:26072,HERC6,HERC6
217168_s_at,HERPUD1,9709,homocysteine inducible ER protein with ubiquitin like domain 1,HERPUD1,"HERP, Mif1, SUP",9606,HGNC:13744,HERPUD1,HERPUD1
203395_s_at,HES1,3280,hes family bHLH transcription factor 1,HES1,"HES-1, HHL, HRY, bHLHb39",9606,HGNC:5192,HES1,HES1
200989_at,HIF1A,3091,hypoxia inducible factor 1 subunit alpha,HIF1A,"HIF-1-alpha, HIF-1A, HIF-1alpha, HIF1, HIF1-ALPHA",9606,HGNC:4910,HIF1A,HIF1A
200697_at,HK1,3098,hexokinase 1,HK1,"HK, HK1-ta, HK1-tb, HK1-tc, HKD",9606,HGNC:4922,HK1,HK1
217478_s_at,HLA-DMA,3108,"major histocompatibility complex, class II, DM alpha",HLA-DMA,"D6S222E, DMA, HLADM, RING6",9606,HGNC:4934,HLA-DMA,HLA-DMA
208894_at,HLA-DRA,3122,"major histocompatibility complex, class II, DR alpha",HLA-DRA,HLA-DRA1,9606,HGNC:4947,HLA-DRA,HLA-DRA
204755_x_at,HLF,3131,"HLF transcription factor, PAR bZIP family member",HLF,,9606,HGNC:4977,HLF,HLF
210719_s_at,HMG20B,10362,high mobility group 20B,HMG20B,"BRAF25, BRAF35, HMGX2, HMGXB2, PP7706",9606,HGNC:5002,HMG20B,HMG20B
208025_s_at,HMGA2,8091,high mobility group AT-hook 2,HMGA2,"BABL, HMGI-C, HMGIC, LIPO, SRS5",9606,HGNC:5009,HMGA2,HMGA2
202772_at,HMGCL,3155,3-hydroxy-3-methylglutaryl-CoA lyase,HMGCL,HL,9606,HGNC:5005,HMGCL,HMGCL
202540_s_at,HMGCR,3156,3-hydroxy-3-methylglutaryl-CoA reductase,HMGCR,LDLCQ3,9606,HGNC:5006,HMGCR,HMGCR
221750_at,HMGCS1,3157,3-hydroxy-3-methylglutaryl-CoA synthase 1,HMGCS1,HMGCS,9606,HGNC:5007,HMGCS1,HMGCS1
203665_at,HMOX1,3162,heme oxygenase 1,HMOX1,"HMOX1D, HO-1, HSP32, bK286B10",9606,HGNC:5013,HMOX1,HMOX1
217080_s_at,HOMER2,9455,homer scaffold protein 2,HOMER2,"ACPD, CPD, DFNA68, HOMER-2, VESL-2",9606,HGNC:17513,HOMER2,HOMER2
218780_at,HOOK2,29911,hook microtubule tethering protein 2,HOOK2,HK2,9606,HGNC:19885,HOOK2,HOOK2
213150_at,HOXA10,3206,homeobox A10,HOXA10,"HOX1, HOX1.8, HOX1H, PL",9606,HGNC:5100,HOXA10,HOXA10
213844_at,HOXA5,3202,homeobox A5,HOXA5,"HOX1, HOX1.3, HOX1C",9606,HGNC:5106,HOXA5,HOXA5
202854_at,HPRT1,3251,hypoxanthine phosphoribosyltransferase 1,HPRT1,"HGPRT, HPRT",9606,HGNC:5157,HPRT1,HPRT1
203285_s_at,HS2ST1,9653,heparan sulfate 2-O-sulfotransferase 1,HS2ST1,"NFSRA, dJ604K5.2",9606,HGNC:5193,HS2ST1,HS2ST1
202282_at,HSD17B10,3028,hydroxysteroid 17-beta dehydrogenase 10,HSD17B10,"17b-HSD10, ABAD, CAMR, DUPXp11.22, ERAB",9606,HGNC:4800,HSD17B10,HSD17B10
217989_at,HSD17B11,51170,hydroxysteroid 17-beta dehydrogenase 11,HSD17B11,"17-BETA-HSD11, 17-BETA-HSDXI, 17BHSD11, DHRS8, PAN1B",9606,HGNC:22960,HSD17B11,HSD17B11
200799_at,HSPA1A,3303,heat shock protein family A (Hsp70) member 1A,HSPA1A,"HEL-S-103, HSP70, HSP70-1, HSP70-1A, HSP70-2",9606,HGNC:5232,HSPA1A///HSPA1B,HSPA1A
211015_s_at,HSPA4,3308,heat shock protein family A (Hsp70) member 4,HSPA4,"APG-2, HEL-S-5a, HS24/P52, HSPH2, RY",9606,HGNC:5237,HSPA4,HSPA4
208687_x_at,HSPA8,3312,heat shock protein family A (Hsp70) member 8,HSPA8,"HEL-33, HEL-S-72p, HSC54, HSC70, HSC71",9606,HGNC:5241,HSPA8,HSPA8
201841_s_at,HSPB1,3315,heat shock protein family B (small) member 1,HSPB1,"CMT2F, HEL-S-102, HMN2B, HS.76067, HSP27",9606,HGNC:5246,HSPB1,HSPB1
200807_s_at,HSPD1,3329,heat shock protein family D (Hsp60) member 1,HSPD1,"CPN60, GROEL, HLD4, HSP-60, HSP60",9606,HGNC:5261,HSPD1,HSPD1
202602_s_at,HTATSF1,27336,HIV-1 Tat specific factor 1,HTATSF1,"TAT-SF1, TATSF1, dJ196E23.2",9606,HGNC:5276,HTATSF1,HTATSF1
201185_at,HTRA1,5654,HtrA serine peptidase 1,HTRA1,"ARMD7, CADASIL2, CARASIL, HtrA, L56",9606,HGNC:9476,HTRA1,HTRA1
200825_s_at,HYOU1,10525,hypoxia up-regulated 1,HYOU1,"GRP-170, Grp170, HSP12A, IMD59, ORP-150",9606,HGNC:16931,HYOU1,HYOU1
217900_at,IARS2,55699,"isoleucyl-tRNA synthetase 2, mitochondrial",IARS2,"CAGSSS, ILERS",9606,HGNC:29685,IARS2,IARS2
202637_s_at,ICAM1,3383,intercellular adhesion molecule 1,ICAM1,"BB2, CD54, P3.58",9606,HGNC:5344,ICAM1,ICAM1
204949_at,ICAM3,3385,intercellular adhesion molecule 3,ICAM3,"CD50, CDW50, ICAM-R",9606,HGNC:5346,ICAM3,ICAM3
201611_s_at,ICMT,23463,isoprenylcysteine carboxyl methyltransferase,ICMT,"HSTE14, MST098, MSTP098, PCCMT, PCMT",9606,HGNC:5350,ICMT,ICMT
201565_s_at,ID2,3398,inhibitor of DNA binding 2,ID2,"GIG8, ID2A, ID2H, bHLHb26",9606,HGNC:5361,ID2,ID2
217496_s_at,IDE,3416,insulin degrading enzyme,IDE,INSULYSIN,9606,HGNC:5381,IDE,IDE
201631_s_at,IER3,8870,immediate early response 3,IER3,"DIF-2, DIF2, GLY96, IEX-1, IEX-1L",9606,HGNC:5392,IER3,IER3
203596_s_at,IFIT5,24138,interferon induced protein with tetratricopeptide repeats 5,IFIT5,"ISG58, P58, RI58",9606,HGNC:13328,IFIT5,IFIT5
204191_at,IFNAR1,3454,interferon alpha and beta receptor subunit 1,IFNAR1,"AVP, IFN-alpha-REC, IFNAR, IFNBR, IFRC",9606,HGNC:5432,IFNAR1,IFNAR1
209100_at,IFRD2,7866,interferon related developmental regulator 2,IFRD2,"IFNRP, SKMc15, SM15",9606,HGNC:5457,IFRD2,IFRD2
203627_at,IGF1R,3480,insulin like growth factor 1 receptor,IGF1R,"CD221, IGFIR, IGFR, JTK13",9606,HGNC:5465,IGF1R,IGF1R
218847_at,IGF2BP2,10644,insulin like growth factor 2 mRNA binding protein 2,IGF2BP2,"IMP-2, IMP2, VICKZ2",9606,HGNC:28867,IGF2BP2,IGF2BP2
201393_s_at,IGF2R,3482,insulin like growth factor 2 receptor,IGF2R,"CD222, CI-M6PR, CIMPR, M6P-R, M6P/IGF2R",9606,HGNC:5467,IGF2R,IGF2R
212143_s_at,IGFBP3,3486,insulin like growth factor binding protein 3,IGFBP3,"BP-53, IBP3",9606,HGNC:5472,IGFBP3,IGFBP3
215980_s_at,IGHMBP2,3508,immunoglobulin mu DNA binding protein 2,IGHMBP2,"CATF1, CMT2S, HCSA, HMN6, SMARD1",9606,HGNC:5542,IGHMBP2,IGHMBP2
209341_s_at,IKBKB,3551,inhibitor of nuclear factor kappa B kinase subunit beta,IKBKB,"IKK-beta, IKK2, IKKB, IMD15, IMD15A",9606,HGNC:5960,IKBKB,IKBKB
204549_at,IKBKE,9641,inhibitor of nuclear factor kappa B kinase subunit epsilon,IKBKE,"IKK-E, IKK-i, IKKE, IKKI",9606,HGNC:14552,IKBKE,IKBKE
205039_s_at,IKZF1,10320,IKAROS family zinc finger 1,IKZF1,"CVID13, Hs.54452, IK1, IKAROS, LYF1",9606,HGNC:13176,IKZF1,IKZF1
201887_at,IL13RA1,3597,interleukin 13 receptor subunit alpha 1,IL13RA1,"CD213A1, CT19, IL-13Ra, NR4",9606,HGNC:5974,IL13RA1,IL13RA1
205067_at,IL1B,3553,interleukin 1 beta,IL1B,"IL-1, IL1-BETA, IL1F2, IL1beta",9606,HGNC:5992,IL1B,IL1B
205227_at,IL1RAP,3556,interleukin 1 receptor accessory protein,IL1RAP,"C3orf13, IL-1RAcP, IL1R3",9606,HGNC:5995,IL1RAP,IL1RAP
203233_at,IL4R,3566,interleukin 4 receptor,IL4R,"CD124, IL-4RA, IL4RA",9606,HGNC:6015,IL4R,IL4R
201234_at,ILK,3611,integrin linked kinase,ILK,"HEL-S-28, ILK-1, ILK-2, P59, p59ILK",9606,HGNC:6040,ILK,ILK
203126_at,IMPA2,3613,inositol monophosphatase 2,IMPA2,,9606,HGNC:6051,IMPA2,IMPA2
202794_at,INPP1,3628,inositol polyphosphate-1-phosphatase,INPP1,,9606,HGNC:6071,INPP1,INPP1
205376_at,INPP4B,8821,inositol polyphosphate-4-phosphatase type II B,INPP4B,,9606,HGNC:6075,INPP4B,INPP4B
201626_at,INSIG1,3638,insulin induced gene 1,INSIG1,CL6,9606,HGNC:6083,INSIG1,INSIG1
202809_s_at,INTS3,65123,integrator complex subunit 3,INTS3,"C1orf193, C1orf60, INT3, SOSS-A, SOSSA",9606,HGNC:26153,INTS3,INTS3
203546_at,IPO13,9670,importin 13,IPO13,"IMP13, KAP13, LGL2, RANBP13",9606,HGNC:16853,IPO13,IPO13
200791_s_at,IQGAP1,8826,IQ motif containing GTPase activating protein 1,IQGAP1,"HUMORFA01, SAR1, p195",9606,HGNC:6110,IQGAP1,IQGAP1
218170_at,ISOC1,51015,isochorismatase domain containing 1,ISOC1,CGI-111,9606,HGNC:24254,ISOC1,ISOC1
221449_s_at,ITFG1,81533,integrin alpha FG-GAP repeat containing 1,ITFG1,"2310047C21Rik, CDA08, LNKN-1, TIP",9606,HGNC:30697,ITFG1,ITFG1
205055_at,ITGAE,3682,integrin subunit alpha E,ITGAE,"CD103, HUMINAE",9606,HGNC:6147,ITGAE,ITGAE
203336_s_at,ITGB1BP1,9270,integrin subunit beta 1 binding protein 1,ITGB1BP1,"ICAP-1A, ICAP-1B, ICAP-1alpha, ICAP1, ICAP1A",9606,HGNC:23927,ITGB1BP1,ITGB1BP1
201125_s_at,ITGB5,3693,integrin subunit beta 5,ITGB5,,9606,HGNC:6160,ITGB5,ITGB5
212660_at,PHF15,23338,jade family PHD finger 2,JADE2,"JADE-2, PHF15",9606,HGNC:22984,PHF15,PHF15
212723_at,JMJD6,23210,"jumonji domain containing 6, arginine demethylase and lysine hydroxylase",JMJD6,"PSR, PTDSR, PTDSR1",9606,HGNC:19355,JMJD6,JMJD6
201466_s_at,JUN,3725,"Jun proto-oncogene, AP-1 transcription factor subunit",JUN,"AP-1, AP1, c-Jun, cJUN, p39",9606,HGNC:6204,JUN,JUN
202423_at,MYST3,7994,lysine acetyltransferase 6A,KAT6A,"ARTHS, MOZ, MRD32, MYST-3, MYST3",9606,HGNC:13013,MYST3,MYST3
212462_at,MYST4,23522,lysine acetyltransferase 6B,KAT6B,"GTPTS, MORF, MOZ2, MYST4, ZC2HC6B",9606,HGNC:17582,MYST4,MYST4
204679_at,KCNK1,3775,potassium two pore domain channel subfamily K member 1,KCNK1,"DPK, HOHO, K2P1, K2p1.1, KCNO1",9606,HGNC:6272,KCNK1,KCNK1
218474_s_at,KCTD5,54442,potassium channel tetramerization domain containing 5,KCTD5,,9606,HGNC:21423,KCTD5,KCTD5
200698_at,KDELR2,11014,KDEL endoplasmic reticulum protein retention receptor 2,KDELR2,"ELP-1, ELP1, ERD2.2, OI21",9606,HGNC:6305,KDELR2,KDELR2
204017_at,KDELR3,11015,KDEL endoplasmic reticulum protein retention receptor 3,KDELR3,"ERD23, ERD2L3",9606,HGNC:6306,KDELR3,KDELR3
212689_s_at,JMJD1A,55818,lysine demethylase 3A,KDM3A,"JHDM2A, JHMD2A, JMJD1, JMJD1A, TSGA",9606,HGNC:20815,JMJD1A,JMJD1A
201548_s_at,JARID1B,10765,lysine demethylase 5B,KDM5B,"CT31, JARID1B, MRT65, PLU-1, PLU1",9606,HGNC:18039,JARID1B,JARID1B
202417_at,KEAP1,9817,kelch like ECH associated protein 1,KEAP1,"INrf2, KLHL19",9606,HGNC:23177,KEAP1,KEAP1
205406_s_at,KHDC1,80759,KH domain containing 1,KHDC1,"C6orf147, C6orf148, Em:AC019205.8, KHDC1L, NDG1",9606,HGNC:21366,KHDC1///SPA17,KHDC1
202220_at,KIAA0907,22889,"KH domain containing 4, pre-mRNA splicing factor",KHDC4,"BLOM7, KIAA0907, SNORA80EHG",9606,HGNC:29145,KIAA0907,KIAA0907
204711_at,KIAA0753,9851,KIAA0753,KIAA0753,"JBTS38, MNR, OFIP, SRTD21",9606,HGNC:29110,KIAA0753,KIAA0753
206364_at,KIF14,9928,kinesin family member 14,KIF14,"MCPH20, MKS12",9606,HGNC:19181,KIF14,KIF14
218755_at,KIF20A,10112,kinesin family member 20A,KIF20A,"MKLP2, RAB6KIFL, RCM6",9606,HGNC:9787,KIF20A,KIF20A
209408_at,KIF2C,11004,kinesin family member 2C,KIF2C,"CT139, KNSL6, MCAK",9606,HGNC:6393,KIF2C,KIF2C
203130_s_at,KIF5C,3800,kinesin family member 5C,KIF5C,"CDCBM2, KINN, NKHC, NKHC-2, NKHC2",9606,HGNC:6325,KIF5C,KIF5C
212453_at,KIAA1279,26128,kinesin family binding protein,KIFBP,"KBP, KIAA1279, KIF1BP, TTC20",9606,HGNC:23419,KIAA1279,KIAA1279
205051_s_at,KIT,3815,"KIT proto-oncogene, receptor tyrosine kinase",KIT,"C-Kit, CD117, MASTC, PBT, SCFR",9606,HGNC:6342,KIT,KIT
217906_at,KLHDC2,23588,kelch domain containing 2,KLHDC2,"HCLP-1, HCLP1, LCP",9606,HGNC:20231,KLHDC2,KLHDC2
203068_at,KLHL21,9903,kelch like family member 21,KLHL21,,9606,HGNC:29041,KLHL21,KLHL21
213233_s_at,KLHL9,55958,kelch like family member 9,KLHL9,,9606,HGNC:18732,KLHL9,KLHL9
201695_s_at,NP,11202,kallikrein related peptidase 8,KLK8,"HNP, NP, NRPN, PRSS19, TADG14",9606,HGNC:6369,NP,NP
200915_x_at,KTN1,3895,kinectin 1,KTN1,"CG1, KNT, MU-RMS-40.19",9606,HGNC:6467,KTN1,KTN1
219061_s_at,LAGE3,8270,L antigen family member 3,LAGE3,"CVG5, DXS9879E, DXS9951E, ESO3, GAMOS2",9606,HGNC:26058,LAGE3,LAGE3
203726_s_at,LAMA3,3909,laminin subunit alpha 3,LAMA3,"BM600, E170, JEB2A, JEB2B, JEB2C",9606,HGNC:6483,LAMA3,LAMA3
217971_at,MAPKSP1,8649,"late endosomal/lysosomal adaptor, MAPK and MTOR activator 3",LAMTOR3,"MAP2K1IP1, MAPBP, MAPKSP1, MP1, PRO0633",9606,HGNC:15606,MAPKSP1,MAPKSP1
217933_s_at,LAP3,51056,leucine aminopeptidase 3,LAP3,"HEL-S-106, LAP, LAPEP, PEPS",9606,HGNC:18449,LAP3,LAP3
200618_at,LASP1,3927,LIM and SH3 protein 1,LASP1,"Lasp-1, MLN50",9606,HGNC:6513,LASP1,LASP1
201795_at,LBR,3930,lamin B receptor,LBR,"C14SR, DHCR14B, LMN2R, PHA, PHASK",9606,HGNC:6518,LBR,LBR
208936_x_at,LGALS8,3964,galectin 8,LGALS8,"Gal-8, PCTA-1, PCTA1, Po66-CBP",9606,HGNC:6569,LGALS8,LGALS8
201212_at,LGMN,5641,legumain,LGMN,"AEP, LGMN1, PRSC1",9606,HGNC:9472,LGMN,LGMN
218523_at,LHPP,64077,phospholysine phosphohistidine inorganic pyrophosphate phosphatase,LHPP,HDHD2B,9606,HGNC:30042,LHPP,LHPP
202726_at,LIG1,3978,DNA ligase 1,LIG1,"IMD96, LIGI, hLig1",9606,HGNC:6598,LIG1,LIG1
210582_s_at,LIMK2,3985,LIM domain kinase 2,LIMK2,,9606,HGNC:6614,LIMK2,LIMK2
201847_at,LIPA,3988,"lipase A, lysosomal acid type",LIPA,"CESD, LAL",9606,HGNC:6617,LIPA,LIPA
203570_at,LOXL1,4016,lysyl oxidase like 1,LOXL1,"LOL, LOXL",9606,HGNC:6665,LOXL1,LOXL1
206723_s_at,LPAR2,9170,lysophosphatidic acid receptor 2,LPAR2,"EDG-4, EDG4, LPA-2, LPA2",9606,HGNC:3168,LPAR2,LPAR2
202651_at,LPGAT1,9926,lysophosphatidylglycerol acyltransferase 1,LPGAT1,"FAM34A, FAM34A1, LPLAT7, NET8",9606,HGNC:28985,LPGAT1,LPGAT1
201412_at,LRP10,26020,LDL receptor related protein 10,LRP10,"LRP-10, LRP9, MST087, MSTP087",9606,HGNC:14553,LRP10,LRP10
201186_at,LRPAP1,4043,LDL receptor related protein associated protein 1,LRPAP1,"A2MRAP, A2RAP, HBP44, MRAP, MYP23",9606,HGNC:6701,LRPAP1,LRPAP1
218577_at,LRRC40,55631,leucine rich repeat containing 40,LRRC40,dJ677H15.1,9606,HGNC:26004,LRRC40,LRRC40
201932_at,LRRC41,10489,leucine rich repeat containing 41,LRRC41,"MUF1, PP7759",9606,HGNC:16917,LRRC41,LRRC41
211747_s_at,LSM5,23658,"LSM5 homolog, U6 small nuclear RNA and mRNA degradation associated",LSM5,YER146W,9606,HGNC:17162,LSM5,LSM5
205036_at,LSM6,11157,"LSM6 homolog, U6 small nuclear RNA and mRNA degradation associated",LSM6,YDR378C,9606,HGNC:17017,LSM6,LSM6
208190_s_at,LSR,51599,lipolysis stimulated lipoprotein receptor,LSR,"ILDR3, LISCH7",9606,HGNC:29572,LSR,LSR
210754_s_at,LYN,4067,"LYN proto-oncogene, Src family tyrosine kinase",LYN,"JTK8, p53Lyn, p56Lyn",9606,HGNC:6735,LYN,LYN
204952_at,LYPD3,27076,LY6/PLAUR domain containing 3,LYPD3,C4.4A,9606,HGNC:24880,LYPD3,LYPD3
203007_x_at,LYPLA1,10434,lysophospholipase 1,LYPLA1,"APT-1, APT1, LPL-I, LPL1, hAPT1",9606,HGNC:6737,LYPLA1,LYPLA1
203897_at,LYRM1,57149,LYR motif containing 1,LYRM1,A211C6.1,9606,HGNC:25074,LYRM1,LYRM1
208634_s_at,MACF1,23499,microtubule actin crosslinking factor 1,MACF1,"ABP620, ACF7, KIAA0754, LIS9, Lnc-PMIF",9606,HGNC:13664,MACF1,MACF1
203094_at,MAD2L1BP,9587,MAD2L1 binding protein,MAD2L1BP,CMT2,9606,HGNC:21059,MAD2L1BP,MAD2L1BP
208309_s_at,MALT1,10892,MALT1 paracaspase,MALT1,"IMD12, MLT, MLT1, PCASP1",9606,HGNC:6819,MALT1,MALT1
205088_at,MAMLD1,10046,mastermind like domain containing 1,MAMLD1,"CG1, CXorf6, F18, HYSP2",9606,HGNC:2568,MAMLD1,MAMLD1
202032_s_at,MAN2A2,4122,mannosidase alpha class 2A member 2,MAN2A2,MANA2X,9606,HGNC:6825,MAN2A2,MAN2A2
209166_s_at,MAN2B1,4125,mannosidase alpha class 2B member 1,MAN2B1,"LAMAN, MANB",9606,HGNC:6826,MAN2B1,MAN2B1
204756_at,MAP2K5,5607,mitogen-activated protein kinase kinase 5,MAP2K5,"HsT17454, MAPKK5, MEK5, PRKMK5",9606,HGNC:6845,MAP2K5,MAP2K5
204089_x_at,MAP3K4,4216,mitogen-activated protein kinase kinase kinase 4,MAP3K4,"MAPKKK4, MEKK 4, MEKK4, MTK1, PRO0412",9606,HGNC:6856,MAP3K4,MAP3K4
206571_s_at,MAP4K4,9448,mitogen-activated protein kinase kinase kinase kinase 4,MAP4K4,"FLH21957, HEL-S-31, HGK, MEKKK4, NIK",9606,HGNC:6866,MAP4K4,MAP4K4
202889_x_at,MAP7,9053,microtubule associated protein 7,MAP7,"E-MAP-115, EMAP115",9606,HGNC:6869,MAP7,MAP7
210058_at,MAPK13,5603,mitogen-activated protein kinase 13,MAPK13,"MAPK 13, MAPK-13, PRKM13, SAPK4, p38delta",9606,HGNC:6875,MAPK13,MAPK13
212644_s_at,MAPK1IP1L,93487,mitogen-activated protein kinase 1 interacting protein 1 like,MAPK1IP1L,"C14orf32, MISS, c14_5346",9606,HGNC:19840,MAPK1IP1L,MAPK1IP1L
203218_at,MAPK9,5601,mitogen-activated protein kinase 9,MAPK9,"JNK-55, JNK2, JNK2A, JNK2ALPHA, JNK2B",9606,HGNC:6886,MAPK9,MAPK9
201460_at,MAPKAPK2,9261,MAPK activated protein kinase 2,MAPKAPK2,"MAPKAP-K2, MK-2, MK2",9606,HGNC:6887,MAPKAPK2,MAPKAPK2
202788_at,MAPKAPK3,7867,MAPK activated protein kinase 3,MAPKAPK3,"3PK, MAPKAP-K3, MAPKAP3, MAPKAPK-3, MDPT3",9606,HGNC:6888,MAPKAPK3,MAPKAPK3
212871_at,MAPKAPK5,8550,MAPK activated protein kinase 5,MAPKAPK5,"MAPKAP-K5, MK-5, MK5, NCFD, PRAK",9606,HGNC:6889,MAPKAPK5,MAPKAPK5
221560_at,MARK4,57787,microtubule affinity regulating kinase 4,MARK4,"MARK4L, MARK4S, MARKL1, MARKL1L, PAR-1D",9606,HGNC:13538,MARK4,MARK4
215903_s_at,MAST2,23139,microtubule associated serine/threonine kinase 2,MAST2,"MAST205, MTSSK",9606,HGNC:19035,MAST2,MAST2
200768_s_at,MAT2A,4144,methionine adenosyltransferase 2A,MAT2A,"MATA2, MATII, SAMS2",9606,HGNC:6904,MAT2A,MAT2A
201152_s_at,MBNL1,4154,muscleblind like splicing regulator 1,MBNL1,"EXP, MBNL",9606,HGNC:6923,MBNL1,MBNL1
203640_at,MBNL2,10150,muscleblind like splicing regulator 2,MBNL2,"MBLL, MBLL39, PRO2032",9606,HGNC:16746,MBNL2,MBNL2
209179_s_at,MBOAT7,79143,membrane bound O-acyltransferase domain containing 7,MBOAT7,"BB1, LENG4, LPIAT, LPLAT, LRC4",9606,HGNC:15505,MBOAT7,MBOAT7
201620_at,MBTPS1,8720,"membrane bound transcription factor peptidase, site 1",MBTPS1,"PCSK8, S1P, SEDKF, SKI-1",9606,HGNC:15456,MBTPS1,MBTPS1
201555_at,MCM3,4172,minichromosome maintenance complex component 3,MCM3,"HCC5, P1-MCM3, P1.h, RLFB",9606,HGNC:6945,MCM3,MCM3
219952_s_at,MCOLN1,57192,mucolipin TRP cation channel 1,MCOLN1,"MG-2, ML1, ML4, MLIV, MST080",9606,HGNC:13356,MCOLN1,MCOLN1
220094_s_at,CCDC90A,63933,mitochondrial calcium uniporter regulator 1,MCUR1,"C6orf79, CCDC90A, FMP32",9606,HGNC:21097,CCDC90A,CCDC90A
210153_s_at,ME2,4200,malic enzyme 2,ME2,ODS1,9606,HGNC:6984,ME2,ME2
207968_s_at,MEF2C,4208,myocyte enhancer factor 2C,MEF2C,"C5DELq14.3, DEL5q14.3, NEDHSIL",9606,HGNC:6996,MEF2C,MEF2C
212830_at,MEGF9,1955,multiple EGF like domains 9,MEGF9,EGFL5,9606,HGNC:3234,MEGF9,MEGF9
204825_at,MELK,9833,maternal embryonic leucine zipper kinase,MELK,HPK38,9606,HGNC:16870,MELK,MELK
202016_at,MEST,4232,mesoderm specific transcript,MEST,PEG1,9606,HGNC:7028,MEST,MEST
219051_x_at,METRN,79006,"meteorin, glial cell differentiation regulator",METRN,"C16orf23, c380A1.2",9606,HGNC:14151,METRN,METRN
209215_at,MFSD10,10227,major facilitator superfamily domain containing 10,MFSD10,"TETRAN, TETTRAN",9606,HGNC:16894,MFSD10,MFSD10
204168_at,MGST2,4258,microsomal glutathione S-transferase 2,MGST2,"GST2, MGST-II",9606,HGNC:7063,MGST2,MGST2
221779_at,MICALL1,85377,MICAL like 1,MICALL1,"MICAL-L1, MIRAB13",9606,HGNC:29804,MICALL1,MICALL1
217871_s_at,MIF,4282,macrophage migration inhibitory factor,MIF,"GIF, GLIF, MMIF",9606,HGNC:7097,LOC284889///MIF,LOC284889
221856_s_at,FAM63A,55793,MINDY lysine 48 deubiquitinase 1,MINDY1,"FAM63A, MINDY-1",9606,HGNC:25648,FAM63A,FAM63A
209467_s_at,MKNK1,8569,MAPK interacting serine/threonine kinase 1,MKNK1,MNK1,9606,HGNC:7110,MKNK1,MKNK1
200617_at,MLEC,9761,malectin,MLEC,KIAA0152,9606,HGNC:28973,MLEC,MLEC
211071_s_at,MLLT11,10962,MLLT11 transcription factor 7 cofactor,MLLT11,AF1Q,9606,HGNC:16997,MLLT11,MLLT11
204475_at,MMP1,4312,matrix metallopeptidase 1,MMP1,"CLG, CLGN",9606,HGNC:7155,MMP1,MMP1
201069_at,MMP2,4313,matrix metallopeptidase 2,MMP2,"CLG4, CLG4A, MMP-2, MMP-II, MONA",9606,HGNC:7166,MMP2,MMP2
203565_s_at,MNAT1,4331,MNAT1 component of CDK activating kinase,MNAT1,"CAP35, MAT1, RNF66, TFB3",9606,HGNC:7181,MNAT1,MNAT1
202427_s_at,BRP44,25874,mitochondrial pyruvate carrier 2,MPC2,"BRP44, SLC54A2",9606,HGNC:24515,BRP44,BRP44
205079_s_at,MPDZ,8777,multiple PDZ domain crumbs cell polarity complex component,MPDZ,"HYC2, MUPP1",9606,HGNC:7208,MPDZ,MPDZ
201875_s_at,MPZL1,9019,myelin protein zero like 1,MPZL1,"MPZL1b, PZR, PZR1b, PZRa, PZRb",9606,HGNC:7226,MPZL1,MPZL1
203931_s_at,MRPL12,6182,mitochondrial ribosomal protein L12,MRPL12,"5c5-2, L12mt, MRP-L31/34, MRPL7, MRPL7/L12",9606,HGNC:10378,MRPL12,MRPL12
203465_at,MRPL19,9801,mitochondrial ribosomal protein L19,MRPL19,"L19mt, MRP-L15, MRP-L19, MRPL15, RLX1",9606,HGNC:14052,MRPL19,MRPL19
218046_s_at,MRPS16,51021,mitochondrial ribosomal protein S16,MRPS16,"CGI-132, COXPD2, MRP-S16, RPMS16",9606,HGNC:14048,MRPS16,MRPS16
218001_at,MRPS2,51116,mitochondrial ribosomal protein S2,MRPS2,"CGI-91, COXPD36, MRP-S2, S2mt",9606,HGNC:14495,MRPS2,MRPS2
202911_at,MSH6,2956,mutS homolog 6,MSH6,"GTBP, GTMBP, HNPCC5, HSAP, MMRCS3",9606,HGNC:7329,MSH6,MSH6
219281_at,MSRA,4482,methionine sulfoxide reductase A,MSRA,PMSR,9606,HGNC:7377,MSRA,MSRA
211783_s_at,MTA1,9112,metastasis associated 1,MTA1,,9606,HGNC:7410,MTA1,MTA1
219363_s_at,MTERFD1,51001,mitochondrial transcription termination factor 3,MTERF3,"CGI-12, MTERFD1",9606,HGNC:24258,MTERFD1,MTERFD1
203346_s_at,MTF2,22823,metal response element binding transcription factor 2,MTF2,"M96, PCL2, TDRD19A, dJ976O13.2",9606,HGNC:29535,MTF2,MTF2
203208_s_at,MTFR1,9650,mitochondrial fission regulator 1,MTFR1,"CHPPR, FAM54A2",9606,HGNC:29510,MTFR1,MTFR1
201761_at,MTHFD2,10797,"methylenetetrahydrofolate dehydrogenase (NADP+ dependent) 2, methenyltetrahydrofolate cyclohydrolase",MTHFD2,NMDMC,9606,HGNC:7434,MTHFD2,MTHFD2
207847_s_at,MUC1,4582,"mucin 1, cell surface associated",MUC1,"ADMCKD, ADMCKD1, ADTKD2, CA 15-3, CD227",9606,HGNC:7508,MUC1,MUC1
202180_s_at,MVP,9961,major vault protein,MVP,"LRP, VAULT1",9606,HGNC:7531,MVP,MVP
201710_at,MYBL2,4605,MYB proto-oncogene like 2,MYBL2,"B-MYB, BMYB",9606,HGNC:7548,MYBL2,MYBL2
202431_s_at,MYC,4609,"MYC proto-oncogene, bHLH transcription factor",MYC,"MRTL, MYCC, bHLHe39, c-Myc",9606,HGNC:7553,MYC,MYC
203360_s_at,MYCBP,26292,MYC binding protein,MYCBP,AMY-1,9606,HGNC:7554,MYCBP,MYCBP
201959_s_at,MYCBP2,23077,MYC binding protein 2,MYCBP2,"Myc-bp2, PAM, PHR1, Phr",9606,HGNC:23386,MYCBP2,MYCBP2
201058_s_at,MYL9,10398,myosin light chain 9,MYL9,"LC20, MLC-2C, MLC2, MMIHS4, MRLC1",9606,HGNC:15754,MYL9,MYL9
202555_s_at,MYLK,4638,myosin light chain kinase,MYLK,"AAT7, KRP, MLCK, MLCK1, MLCK108",9606,HGNC:7590,MYLK,MYLK
201976_s_at,MYO10,4651,myosin X,MYO10,MyoX,9606,HGNC:7593,MYO10,MYO10
217745_s_at,NAT13,80218,"N-alpha-acetyltransferase 50, NatE catalytic subunit",NAA50,"MAK3, NAT13, NAT13P, NAT5, NAT5P",9606,HGNC:29533,NAT13,NAT13
201774_s_at,NCAPD2,9918,non-SMC condensin I complex subunit D2,NCAPD2,"CAP-D2, CNAP1, MCPH21, hCAP-D2",9606,HGNC:24305,NCAPD2,NCAPD2
204725_s_at,NCK1,4690,NCK adaptor protein 1,NCK1,"NCK, NCKalpha, nck-1",9606,HGNC:7664,NCK1,NCK1
203315_at,NCK2,8440,NCK adaptor protein 2,NCK2,"GRB4, NCKbeta",9606,HGNC:7665,NCK2,NCK2
207700_s_at,NCOA3,8202,nuclear receptor coactivator 3,NCOA3,"ACTR, AIB-1, AIB1, CAGH16, CTG26",9606,HGNC:7670,NCOA3,NCOA3
218407_x_at,NENF,29937,neudesin neurotrophic factor,NENF,"CIR2, SCIRP10, SPUF",9606,HGNC:30384,NENF,NENF
201829_at,NET1,10276,neuroepithelial cell transforming 1,NET1,"ARHGEF8, NET1A",9606,HGNC:14592,NET1,NET1
207416_s_at,NFATC3,4775,nuclear factor of activated T cells 3,NFATC3,"NF-AT4c, NFAT4, NFATX",9606,HGNC:7777,NFATC3,NFATC3
205897_at,NFATC4,4776,nuclear factor of activated T cells 4,NFATC4,"NF-AT3, NF-ATC4, NFAT3",9606,HGNC:7778,NFATC4,NFATC4
201146_at,NFE2L2,4780,NFE2 like bZIP transcription factor 2,NFE2L2,"HEBP1, IMDDHH, NRF2, Nrf-2",9606,HGNC:7782,NFE2L2,NFE2L2
203574_at,NFIL3,4783,"nuclear factor, interleukin 3 regulated",NFIL3,"E4BP4, IL3BP1, NF-IL3A, NFIL3A",9606,HGNC:7787,NFIL3,NFIL3
207535_s_at,NFKB2,4791,nuclear factor kappa B subunit 2,NFKB2,"CVID10, H2TF1, LYT-10, LYT10, NF-kB2",9606,HGNC:7795,NFKB2,NFKB2
201502_s_at,NFKBIA,4792,NFKB inhibitor alpha,NFKBIA,"EDAID2, IKBA, MAD-3, NFKBI",9606,HGNC:7797,NFKBIA,NFKBIA
214062_x_at,NFKBIB,4793,NFKB inhibitor beta,NFKBIB,"IKBB, TRIP9",9606,HGNC:7798,NFKBIB,NFKBIB
203927_at,NFKBIE,4794,NFKB inhibitor epsilon,NFKBIE,IKBE,9606,HGNC:7799,NFKBIE,NFKBIE
217722_s_at,NGRN,51335,"neugrin, neurite outgrowth associated",NGRN,DSC92,9606,HGNC:18077,NGRN,NGRN
213918_s_at,NIPBL,25836,NIPBL cohesin loading factor,NIPBL,"CDLS, CDLS1, IDN3, IDN3-B, Scc2",9606,HGNC:28862,NIPBL,NIPBL
201709_s_at,NIPSNAP1,8508,nipsnap homolog 1,NIPSNAP1,,9606,HGNC:7827,NIPSNAP1,NIPSNAP1
201591_s_at,NISCH,11188,nischarin,NISCH,"I-1, IR1, IRAS, hIRAS",9606,HGNC:18006,NISCH,NISCH
202891_at,NIT1,4817,nitrilase 1,NIT1,,9606,HGNC:7828,NIT1,NIT1
201158_at,NMT1,4836,N-myristoyltransferase 1,NMT1,"HsNMT1, NMT",9606,HGNC:7857,NMT1,NMT1
202784_s_at,NNT,23530,nicotinamide nucleotide transhydrogenase,NNT,GCCD4,9606,HGNC:7863,NNT,NNT
221567_at,NOL3,8996,nucleolar protein 3,NOL3,"ARC, FCM, MYOCL1, MYP, NOP",9606,HGNC:7869,NOL3,NOL3
205895_s_at,NOLC1,9221,nucleolar and coiled-body phosphoprotein 1,NOLC1,"NOPP130, NOPP140, NS5ATP13, P130, Srp40",9606,HGNC:15608,NOLC1,NOLC1
205581_s_at,NOS3,4846,nitric oxide synthase 3,NOS3,"ECNOS, eNOS",9606,HGNC:7876,NOS3,NOS3
217950_at,NOSIP,51070,nitric oxide synthase interacting protein,NOSIP,CGI-25,9606,HGNC:17946,NOSIP,NOSIP
218902_at,NOTCH1,4851,notch receptor 1,NOTCH1,"AOS5, AOVD1, TAN1, hN1",9606,HGNC:7881,NOTCH1,NOTCH1
202679_at,NPC1,4864,NPC intracellular cholesterol transporter 1,NPC1,"NPC, POGZ, SLC65A1",9606,HGNC:7897,NPC1,NPC1
218086_at,NPDC1,56654,"neural proliferation, differentiation and control 1",NPDC1,"CAB, CAB-, CAB-1, CAB1, NPDC-1",9606,HGNC:7899,NPDC1,NPDC1
89476_r_at,NPEPL1,79716,aminopeptidase like 1,NPEPL1,bA261P9.2,9606,HGNC:16244,NPEPL1,NPEPL1
203246_s_at,TUSC4,10641,"NPR2 like, GATOR1 complex subunit",NPRL2,"FFEVF2, NPR2, NPR2L, TUSC4",9606,HGNC:24969,TUSC4,TUSC4
218215_s_at,NR1H2,7376,nuclear receptor subfamily 1 group H member 2,NR1H2,"LXR-b, LXRB, NER, NER-I, RIP15",9606,HGNC:7965,NR1H2,NR1H2
209262_s_at,NR2F6,2063,nuclear receptor subfamily 2 group F member 6,NR2F6,"EAR-2, EAR2, ERBAL2",9606,HGNC:7977,NR2F6,NR2F6
216321_s_at,NR3C1,2908,nuclear receptor subfamily 3 group C member 1,NR3C1,"GCCR, GCR, GCRST, GR, GRL",9606,HGNC:7978,NR3C1,NR3C1
202647_s_at,NRAS,4893,"NRAS proto-oncogene, GTPase",NRAS,"ALPS4, CMNS, KRAS, N-ras, NCMS",9606,HGNC:7989,NRAS,NRAS
202599_s_at,NRIP1,8204,nuclear receptor interacting protein 1,NRIP1,"CAKUT3, RIP140",9606,HGNC:8001,NRIP1,NRIP1
215093_at,NSDHL,50814,NAD(P) dependent steroid dehydrogenase-like,NSDHL,"H105E3, SDR31E1, XAP104",9606,HGNC:13398,NSDHL,NSDHL
217830_s_at,NSFL1C,55968,NSFL1 cofactor,NSFL1C,"P47, UBX1, UBXD10, UBXN2C, dJ776F14.1",9606,HGNC:15912,NSFL1C,NSFL1C
218051_s_at,NT5DC2,64943,5'-nucleotidase domain containing 2,NT5DC2,,9606,HGNC:25717,NT5DC2,NT5DC2
203675_at,NUCB2,4925,nucleobindin 2,NUCB2,"HEL-S-109, NEFA",9606,HGNC:8044,NUCB2,NUCB2
201270_x_at,NUDCD3,23386,NudC domain containing 3,NUDCD3,NudCL,9606,HGNC:22208,NUDCD3,NUDCD3
218375_at,NUDT9,53343,nudix hydrolase 9,NUDT9,NUDT10,9606,HGNC:8056,NUDT9,NUDT9
202184_s_at,NUP133,55746,nucleoporin 133,NUP133,"GAMOS8, NPHS18, hNUP133",9606,HGNC:18016,NUP133,NUP133
202153_s_at,NUP62,23636,nucleoporin 62,NUP62,"IBSN, SNDI, p62",9606,HGNC:8066,NUP62,NUP62
218014_at,NUP85,79902,nucleoporin 85,NUP85,"FROUNT, NPHS17, Nup75",9606,HGNC:8734,NUP85,NUP85
202900_s_at,NUP88,4927,nucleoporin 88,NUP88,FADS4,9606,HGNC:8067,NUP88,NUP88
202188_at,NUP93,9688,nucleoporin 93,NUP93,NIC96,9606,HGNC:28958,NUP93,NUP93
218039_at,NUSAP1,51203,nucleolar and spindle associated protein 1,NUSAP1,"ANKT, BM037, LNP, NUSAP, PRO0310p1",9606,HGNC:18538,NUSAP1,NUSAP1
207877_s_at,NVL,4931,nuclear VCP like,NVL,NVL2,9606,HGNC:8070,NVL,NVL
205085_at,ORC1L,4998,origin recognition complex subunit 1,ORC1,"HSORC1, ORC1L, PARC1",9606,HGNC:8487,ORC1L,ORC1L
208717_at,OXA1L,5018,OXA1L mitochondrial inner membrane protein,OXA1L,OXA1,9606,HGNC:8526,OXA1L,OXA1L
202780_at,OXCT1,5019,3-oxoacid CoA-transferase 1,OXCT1,"OXCT, SCOT",9606,HGNC:8527,OXCT1,OXCT1
202696_at,OXSR1,9943,oxidative stress responsive kinase 1,OXSR1,OSR1,9606,HGNC:8508,OXSR1,OXSR1
202733_at,P4HA2,8974,prolyl 4-hydroxylase subunit alpha 2,P4HA2,"MYP25, lncRNA-PE",9606,HGNC:8547,P4HA2,P4HA2
222125_s_at,P4HTM,54681,"prolyl 4-hydroxylase, transmembrane",P4HTM,"EGLN4, HIDEA, HIFPH4, P4H-TM, PH-4",9606,HGNC:28858,P4HTM,P4HTM
218744_s_at,PACSIN3,29763,protein kinase C and casein kinase substrate in neurons 3,PACSIN3,SDPIII,9606,HGNC:8572,PACSIN3,PACSIN3
202093_s_at,PAF1,54623,"PAF1 homolog, Paf1/RNA polymerase II complex component",PAF1,"F23149_1, PD2",9606,HGNC:25459,PAF1,PAF1
200816_s_at,PAFAH1B1,5048,platelet activating factor acetylhydrolase 1b regulatory subunit 1,PAFAH1B1,"LIS1, LIS2, MDCR, MDS, NudF",9606,HGNC:8574,PAFAH1B1,PAFAH1B1
203228_at,PAFAH1B3,5050,platelet activating factor acetylhydrolase 1b catalytic subunit 3,PAFAH1B3,PAFAHG,9606,HGNC:8576,PAFAH1B3,PAFAH1B3
201014_s_at,PAICS,10606,phosphoribosylaminoimidazole carboxylase and phosphoribosylaminoimidazolesuccinocarboxamide synthase,PAICS,"ADE2, ADE2H1, AIRC, PAICSD, PAIS",9606,HGNC:8587,PAICS,PAICS
209615_s_at,PAK1,5058,p21 (RAC1) activated kinase 1,PAK1,"IDDMSSD, PAKalpha, alpha-PAK, p65-PAK",9606,HGNC:8590,PAK1,PAK1
203154_s_at,PAK4,10298,p21 (RAC1) activated kinase 4,PAK4,,9606,HGNC:16059,PAK4,PAK4
219461_at,PAK6,56924,p21 (RAC1) activated kinase 6,PAK6,PAK5,9606,HGNC:16061,PAK6,PAK6
203117_s_at,PAN2,9924,poly(A) specific ribonuclease subunit PAN2,PAN2,USP52,9606,HGNC:20074,PAN2,PAN2
218809_at,PANK2,80025,pantothenate kinase 2,PANK2,"C20orf48, HARP, HSS, NBIA1, PKAN",9606,HGNC:15894,PANK2,PANK2
218271_s_at,PARL,55486,presenilin associated rhomboid like,PARL,"PRO2207, PSARL, PSARL1, PSENIP2, RHBDS1",9606,HGNC:18253,PARL,PARL
203905_at,PARN,5073,poly(A)-specific ribonuclease,PARN,"DAN, DKCB6, PFBMFT4",9606,HGNC:8609,PARN,PARN
208644_at,PARP1,142,poly(ADP-ribose) polymerase 1,PARP1,"ADPRT, ADPRT 1, ADPRT1, ARTD1, PARP",9606,HGNC:270,PARP1,PARP1
214086_s_at,PARP2,10038,poly(ADP-ribose) polymerase 2,PARP2,"ADPRT2, ADPRTL2, ADPRTL3, ARTD2, PARP-2",9606,HGNC:272,PARP2,PARP2
121_at,PAX8,7849,paired box 8,PAX8,PAX-8,9606,HGNC:8622,PAX8,PAX8
203557_s_at,PCBD1,5092,pterin-4 alpha-carbinolamine dehydratase 1,PCBD1,"DCOH, PCBD, PCD, PHS",9606,HGNC:8646,PCBD1,PCBD1
212694_s_at,PCCB,5096,propionyl-CoA carboxylase subunit beta,PCCB,,9606,HGNC:8654,PCCB,PCCB
202847_at,PCK2,5106,"phosphoenolpyruvate carboxykinase 2, mitochondrial",PCK2,"PEPCK, PEPCK-M, PEPCK2",9606,HGNC:8725,PCK2,PCK2
202174_s_at,PCM1,5108,pericentriolar material 1,PCM1,"PTC4, RET/PCM-1",9606,HGNC:8727,PCM1,PCM1
205202_at,PCMT1,5110,protein-L-isoaspartate (D-aspartate) O-methyltransferase,PCMT1,PIMT,9606,HGNC:8728,PCMT1,PCMT1
201202_at,PCNA,5111,proliferating cell nuclear antigen,PCNA,ATLD2,9606,HGNC:8729,PCNA,PCNA
205463_s_at,PDGFA,5154,platelet derived growth factor subunit A,PDGFA,"PDGF-A, PDGF1",9606,HGNC:8799,PDGFA,PDGFA
203067_at,PDHX,8050,pyruvate dehydrogenase complex component X,PDHX,"DLDBP, E3BP, OPDX, PDHXD, PDX1",9606,HGNC:21350,PDHX,PDHX
203857_s_at,PDIA5,10954,protein disulfide isomerase family A member 5,PDIA5,PDIR,9606,HGNC:24811,PDIA5,PDIA5
208690_s_at,PDLIM1,9124,PDZ and LIM domain 1,PDLIM1,"CLIM1, CLP-36, CLP36, HEL-S-112, hCLIM1",9606,HGNC:2067,PDLIM1,PDLIM1
212140_at,PDS5A,23244,PDS5 cohesin associated factor A,PDS5A,"PIG54, SCC-112, SCC112",9606,HGNC:29088,PDS5A,PDS5A
204742_s_at,PDS5B,23047,PDS5 cohesin associated factor B,PDS5B,"APRIN, AS3, CG008",9606,HGNC:20418,PDS5B,PDS5B
221142_s_at,PECR,55825,peroxisomal trans-2-enoyl-CoA reductase,PECR,"DCRRP, HPDHASE, HSA250303, PVIARL, SDR29C1",9606,HGNC:18281,PECR,PECR
202108_at,PEPD,5184,peptidase D,PEPD,PROLIDASE,9606,HGNC:8840,PEPD,PEPD
205251_at,PER2,8864,period circadian regulator 2,PER2,"FASPS, FASPS1",9606,HGNC:8846,PER2,PER2
205161_s_at,PEX11A,8800,peroxisomal biogenesis factor 11 alpha,PEX11A,"PEX11-ALPHA, PEX11alpha, PMP28, hsPEX11p",9606,HGNC:8852,PEX11A,PEX11A
201707_at,PEX19,5824,peroxisomal biogenesis factor 19,PEX19,"D1S2223E, HK33, PBD12A, PMP1, PMPI",9606,HGNC:9713,PEX19,PEX19
201102_s_at,PFKL,5211,"phosphofructokinase, liver type",PFKL,"ATP-PFK, PFK-B, PFK-L",9606,HGNC:8876,PFKL,PFKL
200886_s_at,PGAM1,5223,phosphoglycerate mutase 1,PGAM1,"HEL-S-35, PGAM-B, PGAMA",9606,HGNC:8888,PGAM1,PGAM1
201968_s_at,PGM1,5236,phosphoglucomutase 1,PGM1,"CDG1T, GSD14",9606,HGNC:8905,PGM1,PGM1
201121_s_at,PGRMC1,10857,progesterone receptor membrane component 1,PGRMC1,"Dap1, HPR6.6, IZA, MPR",9606,HGNC:16090,PGRMC1,PGRMC1
212726_at,PHF2,5253,PHD finger protein 2,PHF2,"CENP-35, GRC5, JHDM1E, KDM7C",9606,HGNC:8920,PHF2,PHF2
201397_at,PHGDH,26227,phosphoglycerate dehydrogenase,PHGDH,"3-PGDH, 3PGDH, HEL-S-113, NLS, NLS1",9606,HGNC:8923,PHGDH,PHGDH
205450_at,PHKA1,5255,phosphorylase kinase regulatory subunit alpha 1,PHKA1,PHKA,9606,HGNC:8925,PHKA1,PHKA1
202738_s_at,PHKB,5257,phosphorylase kinase regulatory subunit beta,PHKB,,9606,HGNC:8927,PHKB,PHKB
203709_at,PHKG2,5261,phosphorylase kinase catalytic subunit gamma 2,PHKG2,GSD9C,9606,HGNC:8931,PHKG2,PHKG2
205452_at,PIGB,9488,phosphatidylinositol glycan anchor biosynthesis class B,PIGB,"DEE80, EIEE80, GPI-MT-III, PIG-B",9606,HGNC:8959,PIGB,PIGB
217872_at,PIH1D1,55011,PIH1 domain containing 1,PIH1D1,"DNAAF14, MOT48, NOP17, Pih1",9606,HGNC:26075,PIH1D1,PIH1D1
204484_at,PIK3C2B,5287,phosphatidylinositol-4-phosphate 3-kinase catalytic subunit type 2 beta,PIK3C2B,C2-PI3K,9606,HGNC:8972,PIK3C2B,PIK3C2B
204297_at,PIK3C3,5289,phosphatidylinositol 3-kinase catalytic subunit type 3,PIK3C3,"VPS34, Vps34, hVps34",9606,HGNC:8974,PIK3C3,PIK3C3
204369_at,PIK3CA,5290,"phosphatidylinositol-4,5-bisphosphate 3-kinase catalytic subunit alpha",PIK3CA,"CCM4, CLAPO, CLOVE, CWS5, MCAP",9606,HGNC:8975,PIK3CA,PIK3CA
202743_at,PIK3R3,8503,phosphoinositide-3-kinase regulatory subunit 3,PIK3R3,"p55, p55-GAMMA, p55PIK",9606,HGNC:8981,PIK3R3,PIK3R3
212740_at,PIK3R4,30849,phosphoinositide-3-kinase regulatory subunit 4,PIK3R4,"VPS15, p150",9606,HGNC:8982,PIK3R4,PIK3R4
202927_at,PIN1,5300,"peptidylprolyl cis/trans isomerase, NIMA-interacting 1",PIN1,"DOD, UBL5",9606,HGNC:8988,PIN1,PIN1
201080_at,PIP4K2B,8396,phosphatidylinositol-5-phosphate 4-kinase type 2 beta,PIP4K2B,"PI5P4KB, PIP5K2B, PIP5KIIB, PIP5KIIbeta, PIP5P4KB",9606,HGNC:8998,PIP4K2B,PIP4K2B
218667_at,PJA1,64219,praja ring finger ubiquitin ligase 1,PJA1,"PRAJA1, RNF70",9606,HGNC:16648,PJA1,PJA1
202328_s_at,PKD1,5310,"polycystin 1, transient receptor potential channel interacting",PKD1,"PBP, PC1, Pc-1, TRPP1",9606,HGNC:9008,PKD1,PKD1
202732_at,PKIG,11142,cAMP-dependent protein kinase inhibitor gamma,PKIG,PKI-gamma,9606,HGNC:9019,PKIG,PKIG
204458_at,PLA2G15,23659,phospholipase A2 group XV,PLA2G15,"ACS, GXVPLA2, LLPL, LPLA2, LYPLA3",9606,HGNC:17163,PLA2G15,PLA2G15
210145_at,PLA2G4A,5321,phospholipase A2 group IVA,PLA2G4A,"GURDP, PLA2G4, cPLA2, cPLA2-alpha",9606,HGNC:9035,PLA2G4A,PLA2G4A
213384_x_at,PLCB3,5331,phospholipase C beta 3,PLCB3,SMDCD,9606,HGNC:9056,PLCB3,PLCB3
218290_at,PLEKHJ1,55111,pleckstrin homology domain containing J1,PLEKHJ1,GNRPX,9606,HGNC:18211,PLEKHJ1,PLEKHJ1
212717_at,PLEKHM1,9842,pleckstrin homology and RUN domain containing M1,PLEKHM1,"AP162, B2, OPTA3, OPTB6",9606,HGNC:29017,PLEKHM1,PLEKHM1
202240_at,PLK1,5347,polo like kinase 1,PLK1,"PLK, STPK13",9606,HGNC:9077,PLK1,PLK1
202185_at,PLOD3,8985,"procollagen-lysine,2-oxoglutarate 5-dioxygenase 3",PLOD3,LH3,9606,HGNC:9083,PLOD3,PLOD3
201136_at,PLP2,5355,proteolipid protein 2,PLP2,"A4, A4LSB",9606,HGNC:9087,PLP2,PLP2
209147_s_at,PPAP2A,8611,phospholipid phosphatase 1,PLPP1,"LLP1a, LPP1, PAP-2a, PAP2, PPAP2A",9606,HGNC:9228,PPAP2A,PPAP2A
205190_at,PLS1,5357,plastin 1,PLS1,DFNA76,9606,HGNC:9090,PLS1,PLS1
202446_s_at,PLSCR1,5359,phospholipid scramblase 1,PLSCR1,MMTRA1B,9606,HGNC:9092,PLSCR1,PLSCR1
56197_at,PLSCR3,57048,phospholipid scramblase 3,PLSCR3,,9606,HGNC:16495,PLSCR3,PLSCR3
204285_s_at,PMAIP1,5366,phorbol-12-myristate-13-acetate-induced protein 1,PMAIP1,"APR, NOXA",9606,HGNC:9108,PMAIP1,PMAIP1
203201_at,PMM2,5373,phosphomannomutase 2,PMM2,"CDG1, CDG1a, CDGS, PMI, PMI1",9606,HGNC:9115,PMM2,PMM2
218961_s_at,PNKP,11284,polynucleotide kinase 3'-phosphatase,PNKP,"AOA4, CMT2B2, EIEE10, MCSZ, PNK",9606,HGNC:9154,PNKP,PNKP
203616_at,POLB,5423,DNA polymerase beta,POLB,,9606,HGNC:9174,POLB,POLB
203213_at,CDC2,5424,"DNA polymerase delta 1, catalytic subunit",POLD1,"CDC2, CRCS10, MDPL, POLD",9606,HGNC:9175,CDC2,CDC2
202996_at,POLD4,57804,"DNA polymerase delta 4, accessory subunit",POLD4,"POLDS, p12",9606,HGNC:14106,POLD4,POLD4
205909_at,POLE2,5427,"DNA polymerase epsilon 2, accessory subunit",POLE2,DPE2,9606,HGNC:9178,POLE2,POLE2
205811_at,POLG2,11232,"DNA polymerase gamma 2, accessory subunit",POLG2,"HP55, MTDPS16, MTDPS16A, MTDPS16B, MTPOLB",9606,HGNC:9180,POLG2,POLG2
207515_s_at,POLR1C,9533,RNA polymerase I and III subunit C,POLR1C,"AC40, HLD11, RPA39, RPA40, RPA5",9606,HGNC:20194,POLR1C,POLR1C
212955_s_at,POLR2I,5438,RNA polymerase II subunit I,POLR2I,"RPB9, hRPB14.5",9606,HGNC:9196,POLR2I,POLR2I
202635_s_at,POLR2K,5440,"RNA polymerase II, I and III subunit K",POLR2K,"ABC10-alpha, RPABC4, RPB10alpha, RPB12, RPB7.0",9606,HGNC:9198,POLR2K,POLR2K
219459_at,POLR3B,55703,RNA polymerase III subunit B,POLR3B,"C128, CMT1I, HLD8, INMAP, RPC2",9606,HGNC:30348,POLR3B,POLR3B
202868_s_at,POP4,10775,"POP4 homolog, ribonuclease P/MRP subunit",POP4,RPP29,9606,HGNC:30081,POP4,POP4
37152_at,PPARD,5467,peroxisome proliferator activated receptor delta,PPARD,"FAAR, NR1C2, NUC1, NUCI, NUCII",9606,HGNC:9235,PPARD,PPARD
208510_s_at,PPARG,5468,peroxisome proliferator activated receptor gamma,PPARG,"CIMT1, GLM1, NR1C3, PPARG1, PPARG2",9606,HGNC:9236,PPARG,PPARG
204517_at,PPIC,5480,peptidylprolyl isomerase C,PPIC,CYPC,9606,HGNC:9256,PPIC,PPIC
202494_at,PPIE,10450,peptidylprolyl isomerase E,PPIE,"CYP-33, CYP33",9606,HGNC:9258,PPIE,PPIE
201489_at,PPIF,10105,peptidylprolyl isomerase F,PPIF,"CYP3, CyP-M, Cyp-D, CypD",9606,HGNC:9259,PPIF,PPIF
204788_s_at,PPOX,5498,protoporphyrinogen oxidase,PPOX,"PPO, V290M, VP",9606,HGNC:9280,PPOX,PPOX
216347_s_at,PPP1R13B,23368,protein phosphatase 1 regulatory subunit 13B,PPP1R13B,"ASPP1, p53BP2-like, p85",9606,HGNC:14950,PPP1R13B,PPP1R13B
207749_s_at,PPP2R3A,5523,protein phosphatase 2 regulatory subunit B''alpha,PPP2R3A,"PPP2R3, PR130, PR72",9606,HGNC:9307,PPP2R3A,PPP2R3A
218852_at,PPP2R3C,55012,protein phosphatase 2 regulatory subunit B''gamma,PPP2R3C,"C14orf10, G4-1, G5pr, GDRM, SPGF36",9606,HGNC:17485,PPP2R3C,PPP2R3C
202187_s_at,PPP2R5A,5525,protein phosphatase 2 regulatory subunit B'alpha,PPP2R5A,"B56A, B56alpha, PR61A",9606,HGNC:9309,PPP2R5A,PPP2R5A
204611_s_at,PPP2R5B,5526,protein phosphatase 2 regulatory subunit B'beta,PPP2R5B,"B56B, B56beta, PR61B",9606,HGNC:9310,PPP2R5B,PPP2R5B
203338_at,PPP2R5E,5529,protein phosphatase 2 regulatory subunit B'epsilon,PPP2R5E,"B56E, B56epsilon",9606,HGNC:9313,PPP2R5E,PPP2R5E
202429_s_at,PPP3CA,5530,protein phosphatase 3 catalytic subunit alpha,PPP3CA,"ACCIID, CALN, CALNA, CALNA1, CCN1",9606,HGNC:9314,PPP3CA,PPP3CA
201594_s_at,PPP4R1,9989,protein phosphatase 4 regulatory subunit 1,PPP4R1,"MEG1, PP4(Rmeg), PP4R1",9606,HGNC:9320,PPP4R1,PPP4R1
203456_at,PRAF2,11230,PRA1 domain family member 2,PRAF2,"JM4, Yip6a",9606,HGNC:28911,PRAF2,PRAF2
201494_at,PRCP,5547,prolylcarboxypeptidase,PRCP,"HUMPCP, PCP",9606,HGNC:9344,PRCP,PRCP
202801_at,PRKACA,5566,protein kinase cAMP-activated catalytic subunit alpha,PRKACA,"CAFD1, PKACA, PPNAD4",9606,HGNC:9380,PRKACA,PRKACA
218292_s_at,PRKAG2,51422,protein kinase AMP-activated non-catalytic subunit gamma 2,PRKAG2,"AAKG, AAKG2, CMH6, H91620p, WPWS",9606,HGNC:9386,PRKAG2,PRKAG2
202545_at,PRKCD,5580,protein kinase C delta,PRKCD,"ALPS3, CVID9, MAY1, PKCD, nPKC-delta",9606,HGNC:9399,PRKCD,PRKCD
206099_at,PRKCH,5583,protein kinase C eta,PRKCH,"PKC-L, PKCL, PRKCL, nPKC-eta, uORF2",9606,HGNC:9403,PRKCH,PRKCH
210038_at,PRKCQ,5588,protein kinase C theta,PRKCQ,"PRKCT, nPKC-theta",9606,HGNC:9410,PRKCQ,PRKCQ
204061_at,PRKX,5613,protein kinase X-linked,PRKX,PKX1,9606,HGNC:9441,PRKX,PRKX
207808_s_at,PROS1,5627,protein S,PROS1,"PROS, PS21, PS22, PS23, PS24",9606,HGNC:9456,PROS1,PROS1
209161_at,PRPF4,9128,pre-mRNA processing factor 4,PRPF4,"HPRP4, HPRP4P, PRP4, Prp4p, RP70",9606,HGNC:17349,PRPF4,PRPF4
219127_at,ATAD4,79170,proline rich 15 like,PRR15L,ATAD4,9606,HGNC:28149,ATAD4,ATAD4
219742_at,PRR7,80758,"proline rich 7, synaptic",PRR7,,9606,HGNC:28130,PRR7,PRR7
202458_at,PRSS23,11098,serine protease 23,PRSS23,"SIG13, SPUVE, ZSIG13",9606,HGNC:14370,PRSS23,PRSS23
209586_s_at,PRUNE,58497,prune exopolyphosphatase 1,PRUNE1,"DRES-17, DRES17, H-PRUNE, HTCD37, NMIHBA",9606,HGNC:13420,PRUNE,PRUNE
209337_at,PSIP1,11168,PC4 and SFRS1 interacting protein 1,PSIP1,"DFS70, LEDGF, PAIP, PSIP2, p52",9606,HGNC:9527,PSIP1,PSIP1
202659_at,PSMB10,5699,proteasome 20S subunit beta 10,PSMB10,"LMP10, MECL1, PRAAS5, beta2i",9606,HGNC:9538,PSMB10,PSMB10
209040_s_at,PSMB8,5696,proteasome 20S subunit beta 8,PSMB8,"ALDD, D6S216, D6S216E, JMP, LMP7",9606,HGNC:9545,PSMB8,PSMB8
219485_s_at,PSMD10,5716,"proteasome 26S subunit, non-ATPase 10",PSMD10,"dJ889N15.2, p28, p28(GANK)",9606,HGNC:9555,PSMD10,PSMD10
200830_at,PSMD2,5708,"proteasome 26S subunit ubiquitin receptor, non-ATPase 2",PSMD2,"P97, RPN1, S2, TRAP2",9606,HGNC:9559,PSMD2,PSMD2
200882_s_at,PSMD4,5710,"proteasome 26S subunit ubiquitin receptor, non-ATPase 4",PSMD4,"AF, AF-1, ASF, MCB1, Rpn10",9606,HGNC:9561,PSMD4,PSMD4
203447_at,PSMD5,5711,"proteasome 26S subunit, non-ATPase 5",PSMD5,S5B,9606,HGNC:9563,PSMD5,PSMD5
207805_s_at,PSMD9,5715,"proteasome 26S subunit, non-ATPase 9",PSMD9,"Rpn4, p27",9606,HGNC:9567,PSMD9,PSMD9
200814_at,PSME1,5720,proteasome activator subunit 1,PSME1,"HEL-S-129m, IFI5111, PA28A, PA28alpha, REGalpha",9606,HGNC:9568,PSME1,PSME1
201762_s_at,PSME2,5721,proteasome activator subunit 2,PSME2,"PA28B, PA28beta, REGbeta",9606,HGNC:9569,PSME2,PSME2
201052_s_at,PSMF1,9491,proteasome inhibitor subunit 1,PSMF1,PI31,9606,HGNC:9571,PSMF1,PSMF1
203405_at,PSMG1,8624,proteasome assembly chaperone 1,PSMG1,"C21LRP, DSCR2, LRPC21, PAC-1, PAC1",9606,HGNC:3043,PSMG1,PSMG1
201896_s_at,PSRC1,84722,proline and serine rich coiled-coil 1,PSRC1,"DDA3, FP3214",9606,HGNC:24472,PSRC1,PSRC1
204054_at,PTEN,5728,phosphatase and tensin homolog,PTEN,"10q23del, BZS, CWS1, DEC, GLM2",9606,HGNC:9588,PTEN,PTEN
204748_at,PTGS2,5743,prostaglandin-endoperoxide synthase 2,PTGS2,"COX-2, COX2, GRIPGHS, PGG/HS, PGHS-2",9606,HGNC:9605,PTGS2,PTGS2
208820_at,PTK2,5747,protein tyrosine kinase 2,PTK2,"FADK, FADK 1, FAK, FAK1, FRNK",9606,HGNC:9611,PTK2,PTK2
203110_at,PTK2B,2185,protein tyrosine kinase 2 beta,PTK2B,"CADTK, CAKB, FADK2, FAK2, PKB",9606,HGNC:9612,PTK2B,PTK2B
202716_at,PTPN1,5770,protein tyrosine phosphatase non-receptor type 1,PTPN1,PTP1B,9606,HGNC:9642,PTPN1,PTPN1
202006_at,PTPN12,5782,protein tyrosine phosphatase non-receptor type 12,PTPN12,"PTP-PEST, PTPG1",9606,HGNC:9645,PTPN12,PTPN12
206687_s_at,PTPN6,5777,protein tyrosine phosphatase non-receptor type 6,PTPN6,"HCP, HCPH, HPTP1C, PTP-1C, SH-PTP1",9606,HGNC:9658,PTPN6,PTPN6
207238_s_at,PTPRC,5788,protein tyrosine phosphatase receptor type C,PTPRC,"B220, CD45, CD45R, GP180, IMD105",9606,HGNC:9666,PTPRC,PTPRC
200636_s_at,PTPRF,5792,protein tyrosine phosphatase receptor type F,PTPRF,"BNAH2, LAR",9606,HGNC:9670,PTPRF,PTPRF
203038_at,PTPRK,5796,protein tyrosine phosphatase receptor type K,PTPRK,R-PTP-kappa,9606,HGNC:9674,PTPRK,PTPRK
209899_s_at,PUF60,22827,poly(U) binding splicing factor 60,PUF60,"FIR, RoBPI, SIAHBP1, VRJS",9606,HGNC:17042,PUF60,PUF60
201608_s_at,PWP1,11137,"PWP1 homolog, endonuclein",PWP1,IEF-SSP-9502,9606,HGNC:17015,PWP1,PWP1
219076_s_at,PXMP2,5827,peroxisomal membrane protein 2,PXMP2,"MPV17L3, PMP22",9606,HGNC:9716,PXMP2,PXMP2
201087_at,PXN,5829,paxillin,PXN,,9606,HGNC:9718,PXN,PXN
202148_s_at,PYCR1,5831,pyrroline-5-carboxylate reductase 1,PYCR1,"ARCL2B, ARCL3B, P5C, P5CR, PIG45",9606,HGNC:9721,PYCR1,PYCR1
202990_at,PYGL,5836,glycogen phosphorylase L,PYGL,GSD6,9606,HGNC:9725,PYGL,PYGL
218948_at,QRSL1,55278,glutaminyl-tRNA amidotransferase subunit QRSL1,QRSL1,"COXPD40, GatA",9606,HGNC:21020,QRSL1,QRSL1
203884_s_at,RAB11FIP2,22841,RAB11 family interacting protein 2,RAB11FIP2,"Rab11-FIP2, nRip11",9606,HGNC:29152,RAB11FIP2,RAB11FIP2
220964_s_at,RAB1B,81876,"RAB1B, member RAS oncogene family",RAB1B,,9606,HGNC:18370,RAB1B,RAB1B
203885_at,RAB21,23011,"RAB21, member RAS oncogene family",RAB21,,9606,HGNC:18263,RAB21,RAB21
209515_s_at,RAB27A,5873,"RAB27A, member RAS oncogene family",RAB27A,"GS2, HsT18676, RAB27, RAM",9606,HGNC:9766,RAB27A,RAB27A
217763_s_at,RAB31,11031,"RAB31, member RAS oncogene family",RAB31,Rab22B,9606,HGNC:9771,RAB31,RAB31
213531_s_at,RAB3GAP1,22930,RAB3 GTPase activating protein catalytic subunit 1,RAB3GAP1,"MARTS2, P130, RAB3GAP, RAB3GAP130, WARBM1",9606,HGNC:17063,RAB3GAP1,RAB3GAP1
203582_s_at,RAB4A,5867,"RAB4A, member RAS oncogene family",RAB4A,"HRES-1, HRES-1/RAB4, HRES1, RAB4",9606,HGNC:9781,RAB4A,RAB4A
203573_s_at,RABGGTA,5875,Rab geranylgeranyltransferase subunit alpha,RABGGTA,PTAR3,9606,HGNC:9795,RABGGTA,RABGGTA
207419_s_at,RAC2,5880,Rac family small GTPase 2,RAC2,"EN-7, Gx, HSPC022, IMD73A, IMD73B",9606,HGNC:9802,RAC2,RAC2
201223_s_at,RAD23B,5887,"RAD23 homolog B, nucleotide excision repair protein",RAD23B,"HHR23B, HR23B, P58",9606,HGNC:9813,RAD23B,RAD23B
206066_s_at,RAD51C,5889,RAD51 paralog C,RAD51C,"BROVCA3, FANCO, R51H3, RAD51L2",9606,HGNC:9820,RAD51C,RAD51C
204828_at,RAD9A,5883,RAD9 checkpoint clamp component A,RAD9A,RAD9,9606,HGNC:9827,RAD9A,RAD9A
211318_s_at,RAE1,8480,ribonucleic acid export 1,RAE1,"Gle2, MIG14, MRNP41, Mnrp41, dJ481F12.3",9606,HGNC:9828,RAE1,RAE1
202052_s_at,RAI14,26064,retinoic acid induced 14,RAI14,"NORPEG, RAI13",9606,HGNC:14873,RAI14,RAI14
214435_x_at,RALA,5898,RAS like proto-oncogene A,RALA,"HINCONS, RAL",9606,HGNC:9839,RALA,RALA
202100_at,RALB,5899,RAS like proto-oncogene B,RALB,,9606,HGNC:9840,RALB,RALB
209050_s_at,RALGDS,5900,ral guanine nucleotide dissociation stimulator,RALGDS,"RGDS, RGF, RalGEF",9606,HGNC:9842,RALGDS,RALGDS
202362_at,RAP1A,5906,"RAP1A, member of RAS oncogene family",RAP1A,"C21KG, G-22K, KREV-1, KREV1, RAP1",9606,HGNC:9855,RAP1A,RAP1A
203911_at,RAP1GAP,5909,RAP1 GTPase activating protein,RAP1GAP,"RAP1GA1, RAP1GAP1, RAP1GAPII, RAPGAP",9606,HGNC:9858,RAP1GAP,RAP1GAP
211605_s_at,RARA,5914,retinoic acid receptor alpha,RARA,"NR1B1, RAR, RARalpha",9606,HGNC:9864,RARA,RARA
202677_at,RASA1,5921,RAS p21 protein activator 1,RASA1,"CM-AVM, CMAVM, CMAVM1, GAP, PKWS",9606,HGNC:9871,RASA1,RASA1
203132_at,RB1,5925,RB transcriptional corepressor 1,RB1,"OSRC, PPP1R130, RB, p105-Rb, p110-RB1",9606,HGNC:9884,RB1,RB1
219222_at,RBKS,64080,ribokinase,RBKS,"RBSK, RK",9606,HGNC:30325,RBKS,RBKS
202689_at,RBM15B,29890,RNA binding motif protein 15B,RBM15B,"HUMAGCGB, HsOTT3, OTT3",9606,HGNC:24303,RBM15B,RBM15B
212591_at,RBM34,23029,RNA binding motif protein 34,RBM34,,9606,HGNC:28965,RBM34,RBM34
201967_at,RBM6,10180,RNA binding motif protein 6,RBM6,"3G2, DEF-3, DEF3, HLC-11, NY-LU-12",9606,HGNC:9903,RBM6,RBM6
208872_s_at,REEP5,7905,receptor accessory protein 5,REEP5,"C5orf18, D5S346, DP1, POB16, TB2",9606,HGNC:30077,REEP5,REEP5
205205_at,RELB,5971,"RELB proto-oncogene, NF-kB subunit",RELB,"I-REL, IMD53, IREL, REL-B",9606,HGNC:9956,RELB,RELB
203696_s_at,RFC2,5982,replication factor C subunit 2,RFC2,RFC40,9606,HGNC:9970,RFC2,RFC2
203209_at,RFC5,5985,replication factor C subunit 5,RFC5,RFC36,9606,HGNC:9973,RFC5,RFC5
212968_at,RFNG,5986,RFNG O-fucosylpeptide 3-beta-N-acetylglucosaminyltransferase,RFNG,,9606,HGNC:9974,RFNG,RFNG
202963_at,RFX5,5993,regulatory factor X5,RFX5,,9606,HGNC:9986,RFX5,RFX5
202388_at,RGS2,5997,regulator of G protein signaling 2,RGS2,G0S8,9606,HGNC:9998,RGS2,RGS2
201453_x_at,RHEB,6009,"Ras homolog, mTORC1 binding",RHEB,RHEB2,9606,HGNC:10011,RHEB,RHEB
200059_s_at,RHOA,387,ras homolog family member A,RHOA,"ARH12, ARHA, EDFAOB, RHO12, RHOH12",9606,HGNC:667,RHOA,RHOA
212651_at,RHOBTB1,9886,Rho related BTB domain containing 1,RHOBTB1,,9606,HGNC:18738,RHOBTB1,RHOBTB1
207993_s_at,CHP,171177,ras homolog family member V,RHOV,"ARHV, CHP, WRCH2",9606,HGNC:18313,CHP,CHP
212047_s_at,RNF167,26001,ring finger protein 167,RNF167,"5730408C10Rik, LP2254, RING105",9606,HGNC:24544,RNF167,RNF167
206050_s_at,RNH1,6050,ribonuclease/angiogenin inhibitor 1,RNH1,"RAI, RNH",9606,HGNC:10074,RNH1,RNH1
202683_s_at,RNMT,8731,RNA guanine-7 methyltransferase,RNMT,"CMT1, CMT1c, MET, Met, N7-MTase",9606,HGNC:10075,RNMT,RNMT
200060_s_at,RNPS1,10921,RNA binding protein with serine rich domain 1,RNPS1,E5.1,9606,HGNC:10080,RNPS1,RNPS1
201528_at,RPA1,6117,replication protein A1,RPA1,"HSSB, MST075, PFBMFT6, REPA1, RF-A",9606,HGNC:10289,RPA1,RPA1
201756_at,RPA2,6118,replication protein A2,RPA2,"REPA2, RP-A p32, RP-A p34, RPA32",9606,HGNC:10290,RPA2,RPA2
209507_at,RPA3,6119,replication protein A3,RPA3,"REPA3, RP-A p14",9606,HGNC:10291,RPA3,RPA3
218462_at,BXDC5,80135,ribosome production factor 1 homolog,RPF1,BXDC5,9606,HGNC:30350,BXDC5,BXDC5
212973_at,RPIA,22934,ribose 5-phosphate isomerase A,RPIA,"RPI, RPIAD",9606,HGNC:10297,RPIA,RPIA
210115_at,RPL39L,116832,ribosomal protein L39 like,RPL39L,"L39-2, RPL39L1",9606,HGNC:17094,RPL39L,RPL39L
201011_at,RPN1,6184,ribophorin I,RPN1,"OST1, RBPH1",9606,HGNC:10381,RPN1,RPN1
205562_at,RPP38,10557,ribonuclease P/MRP subunit p38,RPP38,,9606,HGNC:30329,RPP38,RPP38
200024_at,RPS5,6193,ribosomal protein S5,RPS5,S5,9606,HGNC:10426,RPS5,RPS5
200081_s_at,RPS6,6194,ribosomal protein S6,RPS6,S6,9606,HGNC:10429,RPS6,RPS6
203379_at,RPS6KA1,6195,ribosomal protein S6 kinase A1,RPS6KA1,"HU-1, MAPKAPK1, MAPKAPK1A, RSK, RSK1",9606,HGNC:10430,RPS6KA1,RPS6KA1
201628_s_at,RRAGA,10670,Ras related GTP binding A,RRAGA,"FIP-1, FIP1, RAGA",9606,HGNC:16963,RRAGA,RRAGA
216913_s_at,RRP12,23223,ribosomal RNA processing 12 homolog,RRP12,KIAA0690,9606,HGNC:29100,RRP12,RRP12
212846_at,RRP1B,23076,ribosomal RNA processing 1B,RRP1B,"KIAA0179, NNP1L, Nnp1, PPP1R136, RRP1",9606,HGNC:23818,RRP1B,RRP1B
203171_s_at,KIAA0409,23378,ribosomal RNA processing 8,RRP8,"KIAA0409, NML",9606,HGNC:29030,KIAA0409,KIAA0409
209567_at,RRS1,23212,ribosome biogenesis regulator 1 homolog,RRS1,,9606,HGNC:17083,RRS1,RRS1
201980_s_at,RSU1,6251,Ras suppressor protein 1,RSU1,RSP-1,9606,HGNC:10464,RSU1,RSU1
203594_at,RTCD1,8634,RNA 3'-terminal phosphate cyclase,RTCA,"RPC, RTC1, RTCD1",9606,HGNC:17981,RTCD1,RTCD1
34408_at,RTN2,6253,reticulon 2,RTN2,"NSP2, NSPL1, NSPLI, SPG12",9606,HGNC:10468,RTN2,RTN2
201614_s_at,RUVBL1,8607,RuvB like AAA ATPase 1,RUVBL1,"ECP-54, ECP54, INO80H, NMP 238, NMP238",9606,HGNC:10474,RUVBL1,RUVBL1
204808_s_at,TMEM5,10329,ribitol xylosyltransferase 1,RXYLT1,"HP10481, MDDGA10, TMEM5",9606,HGNC:13530,TMEM5,TMEM5
202598_at,S100A13,6284,S100 calcium binding protein A13,S100A13,,9606,HGNC:10490,S100A13,S100A13
203186_s_at,S100A4,6275,S100 calcium binding protein A4,S100A4,"18A2, 42A, CAPL, FSP1, MTS1",9606,HGNC:10494,S100A4,S100A4
202797_at,SACM1L,22908,SAC1 like phosphatidylinositide phosphatase,SACM1L,SAC1,9606,HGNC:17059,SACM1L,SACM1L
208741_at,SAP18,10284,Sin3A associated protein 18,SAP18,"2HOR0202, SAP18P",9606,HGNC:10530,SAP18,SAP18
203408_s_at,SATB1,6304,SATB homeobox 1,SATB1,"DEFDA, KTZSL",9606,HGNC:10541,SATB1,SATB1
203250_at,RBM16,22828,SR-related CTD associated factor 8,SCAF8,RBM16,9606,HGNC:20959,RBM16,RBM16
218206_x_at,SCAND1,51282,SCAN domain containing 1,SCAND1,"RAZ1, SDP1",9606,HGNC:10566,SCAND1,SCAND1
201819_at,SCARB1,949,scavenger receptor class B member 1,SCARB1,"CD36L1, CLA-1, CLA1, HDLQTL6, SR-BI",9606,HGNC:1664,SCARB1,SCARB1
201825_s_at,SCCPDH,51097,saccharopine dehydrogenase (putative),SCCPDH,"CGI-49, NET11",9606,HGNC:24275,SCCPDH,SCCPDH
201339_s_at,SCP2,6342,sterol carrier protein 2,SCP2,"NLTP, NSL-TP, SCOX, SCP-2, SCP-CHI",9606,HGNC:10606,SCP2,SCP2
201462_at,SCRN1,9805,secernin 1,SCRN1,SES1,9606,HGNC:22192,SCRN1,SCRN1
205607_s_at,SCYL3,57147,SCY1 like pseudokinase 3,SCYL3,"PACE-1, PACE1",9606,HGNC:19285,SCYL3,SCYL3
202675_at,SDHB,6390,succinate dehydrogenase complex iron sulfur subunit B,SDHB,"CWS2, IP, MC2DN4, PGL4, SDH",9606,HGNC:10681,SDHB,SDHB
202083_s_at,SEC14L1,6397,SEC14 like lipid binding 1,SEC14L1,"PRELID4A, SEC14L",9606,HGNC:10698,SEC14L1,SEC14L1
202798_at,SEC24B,10427,"SEC24 homolog B, COPII coat complex component",SEC24B,SEC24,9606,HGNC:10704,SEC24B,SEC24B
202361_at,SEC24C,9632,"SEC24 homolog C, COPII coat complex component",SEC24C,,9606,HGNC:10705,SEC24C,SEC24C
219499_at,SEC61A2,55176,SEC61 translocon subunit alpha 2,SEC61A2,,9606,HGNC:17702,SEC61A2,SEC61A2
57703_at,SENP5,205564,SUMO specific peptidase 5,SENP5,,9606,HGNC:28407,SENP5,SENP5
202318_s_at,SENP6,26054,SUMO specific peptidase 6,SENP6,"SSP1, SUSP1",9606,HGNC:20944,SENP6,SENP6
202627_s_at,SERPINE1,5054,serpin family E member 1,SERPINE1,"PAI, PAI-1, PAI1, PLANH1",9606,HGNC:8583,SERPINE1,SERPINE1
219382_at,SERTAD3,29946,SERTA domain containing 3,SERTAD3,RBT1,9606,HGNC:17931,SERTAD3,SERTAD3
218346_s_at,SESN1,27244,sestrin 1,SESN1,"PA26, SEST1",9606,HGNC:21595,SESN1,SESN1
213153_at,SETD1B,23067,"SET domain containing 1B, histone lysine methyltransferase",SETD1B,"IDDSELD, KMT2G, Set1B",9606,HGNC:29187,SETD1B,SETD1B
203155_at,SETDB1,9869,SET domain bifurcated histone lysine methyltransferase 1,SETDB1,"ESET, H3-K9-HMTase4, KG1T, KMT1E, TDRD21",9606,HGNC:10761,SETDB1,SETDB1
213370_s_at,SFMBT1,51460,Scm like with four mbt domains 1,SFMBT1,"RU1, SFMBT, hSFMBT",9606,HGNC:20255,SFMBT1,SFMBT1
209260_at,SFN,2810,stratifin,SFN,YWHAS,9606,HGNC:10773,SFN,SFN
205120_s_at,SGCB,6443,sarcoglycan beta,SGCB,"A3b, LGMD2E, LGMDR4, SGC",9606,HGNC:10806,SGCB,SGCB
201739_at,SGK1,6446,serum/glucocorticoid regulated kinase 1,SGK1,SGK,9606,HGNC:10810,SGK1,SGK1
201811_x_at,SH3BP5,9467,SH3 domain binding protein 5,SH3BP5,"SAB, SH3BP-5",9606,HGNC:10827,SH3BP5,SH3BP5
204656_at,SHB,6461,SH2 domain containing adaptor protein B,SHB,bA3J10.2,9606,HGNC:10838,SHB,SHB
201469_s_at,SHC1,6464,SHC adaptor protein 1,SHC1,"SHC, SHCA",9606,HGNC:10840,SHC1,SHC1
208078_s_at,SIK1,150094,salt inducible kinase 1,SIK1,"DEE30, MSK, SIK, SIK-1, SIK1B",9606,HGNC:11142,SIK1,SIK1
221562_s_at,SIRT3,23410,sirtuin 3,SIRT3,SIR2L3,9606,HGNC:14931,SIRT3,SIRT3
203727_at,SKIV2L,6499,SKI2 subunit of superkiller complex,SKIC2,"170A, DDX13, HLP, SKI2, SKI2W",9606,HGNC:10898,SKIV2L,SKIV2L
221531_at,WDR61,80349,SKI8 subunit of superkiller complex,SKIC8,"REC14, SKI8, WDR61",9606,HGNC:30300,WDR61,WDR61
200711_s_at,SKP1,6500,S-phase kinase associated protein 1,SKP1,"EMC19, OCP-II, OCP2, SKP1A, TCEB1L",9606,HGNC:10899,SKP1,SKP1
203123_s_at,SLC11A2,4891,solute carrier family 11 member 2,SLC11A2,"AHMIO1, DCT1, DMT1, NRAMP2",9606,HGNC:10908,SLC11A2,SLC11A2
207038_at,SLC16A6,9120,solute carrier family 16 member 6,SLC16A6,"MCT6, MCT7",9606,HGNC:10927,SLC16A6,SLC16A6
212811_x_at,SLC1A4,6509,solute carrier family 1 member 4,SLC1A4,"ASCT1, SATT, SPATCCM",9606,HGNC:10942,SLC1A4,SLC1A4
203775_at,SLC25A13,10165,solute carrier family 25 member 13,SLC25A13,"ARALAR2, CITRIN, CTLN2, NICCD",9606,HGNC:10983,SLC25A13,SLC25A13
204587_at,SLC25A14,9016,solute carrier family 25 member 14,SLC25A14,"BMCP1, UCP5",9606,HGNC:10984,SLC25A14,SLC25A14
202825_at,SLC25A4,291,solute carrier family 25 member 4,SLC25A4,"AAC1, ANT, ANT 1, ANT1, MTDPS12",9606,HGNC:10990,SLC25A4,SLC25A4
212833_at,SLC25A46,91137,solute carrier family 25 member 46,SLC25A46,"HMSN6B, PCH1E",9606,HGNC:25198,SLC25A46,SLC25A46
222217_s_at,SLC27A3,11000,solute carrier family 27 member 3,SLC27A3,"ACSVL3, FATP3, VLCS-3",9606,HGNC:10997,SLC27A3,SLC27A3
201250_s_at,SLC2A1,6513,solute carrier family 2 member 1,SLC2A1,"CSE, DYT17, DYT18, DYT9, EIG12",9606,HGNC:11005,SLC2A1,SLC2A1
220091_at,SLC2A6,11182,solute carrier family 2 member 6,SLC2A6,"GLUT6, GLUT9, HSA011372",9606,HGNC:11011,SLC2A6,SLC2A6
203306_s_at,SLC35A1,10559,solute carrier family 35 member A1,SLC35A1,"CDG2F, CMPST, CST, hCST",9606,HGNC:11021,SLC35A1,SLC35A1
206770_s_at,SLC35A3,23443,solute carrier family 35 member A3,SLC35A3,AMRS,9606,HGNC:11023,SLC35A3,SLC35A3
202433_at,SLC35B1,10237,solute carrier family 35 member B1,SLC35B1,"AXER, UGTREL1",9606,HGNC:20798,SLC35B1,SLC35B1
218826_at,SLC35F2,54733,solute carrier family 35 member F2,SLC35F2,HSNOV1,9606,HGNC:23615,SLC35F2,SLC35F2
213119_at,SLC36A1,206358,solute carrier family 36 member 1,SLC36A1,"Dct1, LYAAT1, PAT1, TRAMD3",9606,HGNC:18761,SLC36A1,SLC36A1
202830_s_at,SLC37A4,2542,solute carrier family 37 member 4,SLC37A4,"CDG2W, G6PT1, G6PT2, G6PT3, GSD1b",9606,HGNC:4061,SLC37A4,SLC37A4
204087_s_at,SLC5A6,8884,solute carrier family 5 member 6,SLC5A6,"COMNB, NERIB, SMVT, SMVTD",9606,HGNC:11041,SLC5A6,SLC5A6
205398_s_at,SMAD3,4088,SMAD family member 3,SMAD3,"HSPC193, HsT17436, JV15-2, LDS1C, LDS3",9606,HGNC:6769,SMAD3,SMAD3
213720_s_at,SMARCA4,6597,"SWI/SNF related, matrix associated, actin dependent regulator of chromatin, subfamily a, member 4",SMARCA4,"BAF190, BAF190A, BRG1, CSS4, MRD16",9606,HGNC:11100,SMARCA4,SMARCA4
201074_at,SMARCC1,6599,"SWI/SNF related, matrix associated, actin dependent regulator of chromatin subfamily c member 1",SMARCC1,"BAF155, CRACC1, Rsc8, SRG3, SWI3",9606,HGNC:11104,SMARCC1,SMARCC1
201827_at,SMARCD2,6603,"SWI/SNF related, matrix associated, actin dependent regulator of chromatin, subfamily d, member 2",SMARCD2,"BAF60B, CRACD2, PRO2451, Rsc6p, SGD2",9606,HGNC:11107,SMARCD2,SMARCD2
201589_at,SMC1A,8243,structural maintenance of chromosomes 1A,SMC1A,"CDLS2, DEE85, DXS423E, EIEE85, SB1.8",9606,HGNC:11111,SMC1A,SMC1A
209257_s_at,SMC3,9126,structural maintenance of chromosomes 3,SMC3,"BAM, BMH, CDLS3, CSPG6, HCAP",9606,HGNC:2468,SMC3,SMC3
201664_at,SMC4,10051,structural maintenance of chromosomes 4,SMC4,"CAP-C, CAPC, SMC-4, SMC4L1",9606,HGNC:14013,SMC4,SMC4
201794_s_at,SMG7,9887,SMG7 nonsense mediated mRNA decay factor,SMG7,"C1orf16, EST1C, SGA56M",9606,HGNC:16792,SMG7,SMG7
200071_at,SMNDC1,10285,survival motor neuron domain containing 1,SMNDC1,"SMNR, SPF30, TDRD16C",9606,HGNC:16900,SMNDC1,SMNDC1
218788_s_at,SMYD3,64754,SET and MYND domain containing 3,SMYD3,"KMT3E, ZMYND1, ZNFN3A1, bA74P14.1",9606,HGNC:15513,SMYD3,SMYD3
202507_s_at,SNAP25,6616,synaptosome associated protein 25,SNAP25,"CMS18, RIC-4, RIC4, SEC9, SNAP",9606,HGNC:11132,SNAP25,SNAP25
204466_s_at,SNCA,6622,synuclein alpha,SNCA,"NACP, PARK1, PARK4, PD1",9606,HGNC:11138,SNCA,SNCA
202691_at,SNRPD1,6632,small nuclear ribonucleoprotein D1 polypeptide,SNRPD1,"HsT2456, SMD1, SNRPD, Sm-D1",9606,HGNC:11158,SNRPD1,SNRPD1
203832_at,SNRPF,6636,small nuclear ribonucleoprotein polypeptide F,SNRPF,"SMF, Sm-F, snRNP-F",9606,HGNC:11162,SNRPF,SNRPF
220140_s_at,SNX11,29916,sorting nexin 11,SNX11,,9606,HGNC:14975,SNX11,SNX11
213292_s_at,SNX13,23161,sorting nexin 13,SNX13,RGS-PX1,9606,HGNC:21335,SNX13,SNX13
202114_at,SNX2,6643,sorting nexin 2,SNX2,TRG-9,9606,HGNC:11173,SNX2,SNX2
217789_at,SNX6,58533,sorting nexin 6,SNX6,"MSTP010, TFAF2",9606,HGNC:14970,SNX6,SNX6
205573_s_at,SNX7,51375,sorting nexin 7,SNX7,,9606,HGNC:14971,SNX7,SNX7
203373_at,SOCS2,8835,suppressor of cytokine signaling 2,SOCS2,"CIS2, Cish2, SOCS-2, SSI-2, SSI2",9606,HGNC:19382,SOCS2,SOCS2
209253_at,SORBS3,10174,sorbin and SH3 domain containing 3,SORBS3,"SCAM-1, SCAM1, SH3D4",9606,HGNC:30907,SORBS3,SORBS3
213721_at,SOX2,6657,SRY-box transcription factor 2,SOX2,"ANOP3, MCOPS3",9606,HGNC:11195,SOX2,SOX2
201416_at,SOX4,6659,SRY-box transcription factor 4,SOX4,"CSS10, EVI16",9606,HGNC:11200,SOX4,SOX4
219888_at,SPAG4,6676,sperm associated antigen 4,SPAG4,"CT127, SUN4",9606,HGNC:11214,SPAG4,SPAG4
200053_at,SPAG7,9552,sperm associated antigen 7,SPAG7,"ACRP, FSA-1",9606,HGNC:11216,SPAG7,SPAG7
214404_x_at,SPDEF,25803,SAM pointed domain containing ETS transcription factor,SPDEF,"PDEF, bA375E1.3",9606,HGNC:17257,SPDEF,SPDEF
201997_s_at,SPEN,23013,spen family transcriptional repressor,SPEN,"HIAA0929, MINT, RATARS, RBM15C, SHARP",9606,HGNC:17575,SPEN,SPEN
209875_s_at,SPP1,6696,secreted phosphoprotein 1,SPP1,"BNSP, BSPI, ETA-1, OPN",9606,HGNC:11255,SPP1,SPP1
203458_at,SPR,6697,sepiapterin reductase,SPR,SDR38C1,9606,HGNC:11257,SPR,SPR
212458_at,SPRED2,200734,sprouty related EVH1 domain containing 2,SPRED2,"NS14, Spred-2",9606,HGNC:17722,SPRED2,SPRED2
208611_s_at,SPTAN1,6709,"spectrin alpha, non-erythrocytic 1",SPTAN1,"DEE5, EIEE5, NEAS, SPTA2",9606,HGNC:11273,SPTAN1,SPTAN1
203127_s_at,SPTLC2,9517,serine palmitoyltransferase long chain base subunit 2,SPTLC2,"HSN1C, LCB2, LCB2A, NSAN1C, SPT2",9606,HGNC:11278,SPTLC2,SPTLC2
217995_at,SQRDL,58472,sulfide quinone oxidoreductase,SQOR,"CGI-44, PRO1975, SQR, SQRDL",9606,HGNC:20390,SQRDL,SQRDL
201471_s_at,SQSTM1,8878,sequestosome 1,SQSTM1,"A170, DMRV, FTDALS3, NADGP, OSIL",9606,HGNC:11280,SQSTM1,SQSTM1
213324_at,SRC,6714,"SRC proto-oncogene, non-receptor tyrosine kinase",SRC,"ASV, SRC1, THC6, c-SRC, p60-Src",9606,HGNC:11283,SRC,SRC
202401_s_at,SRF,6722,serum response factor,SRF,MCM1,9606,HGNC:11291,SRF,SRF
218140_x_at,SRPRB,58477,SRP receptor subunit beta,SRPRB,"APMCF1, SR-beta",9606,HGNC:24085,SRPRB,SRPRB
201225_s_at,SRRM1,10250,serine and arginine repetitive matrix 1,SRRM1,"160-KD, POP101, SRM160",9606,HGNC:16638,SRRM1,SRRM1
213152_s_at,SFRS2B,10929,serine and arginine rich splicing factor 8,SRSF8,"DSM-1, SFRS2B, SRP46",9606,HGNC:16988,SFRS2B,SFRS2B
203787_at,SSBP2,23635,single stranded DNA binding protein 2,SSBP2,"HSPC116, SOSS-B2",9606,HGNC:15831,SSBP2,SSBP2
203217_s_at,ST3GAL5,8869,"ST3 beta-galactoside alpha-2,3-sialyltransferase 5",ST3GAL5,"SATI, SIAT9, SIATGM3S, SPDRS, ST3Gal V",9606,HGNC:10872,ST3GAL5,ST3GAL5
204542_at,ST6GALNAC2,10610,"ST6 N-acetylgalactosaminide alpha-2,6-sialyltransferase 2",ST6GALNAC2,"SAITL1, SIAT7, SIAT7B, SIATL1, ST6GalNAII",9606,HGNC:10867,ST6GALNAC2,ST6GALNAC2
207871_s_at,ST7,7982,suppression of tumorigenicity 7,ST7,"ETS7q, FAM4A, FAM4A1, HELG, RAY1",9606,HGNC:11351,ST7,ST7
202811_at,STAMBP,10617,STAM binding protein,STAMBP,"AMSH, MICCAP",9606,HGNC:16950,STAMBP,STAMBP
221610_s_at,STAP2,55620,signal transducing adaptor family member 2,STAP2,BKS,9606,HGNC:30430,STAP2,STAP2
200887_s_at,STAT1,6772,signal transducer and activator of transcription 1,STAT1,"CANDF7, IMD31A, IMD31B, IMD31C, ISGF-3",9606,HGNC:11362,STAT1,STAT1
208992_s_at,STAT3,6774,signal transducer and activator of transcription 3,STAT3,"ADMIO, ADMIO1, APRF, HIES",9606,HGNC:11364,STAT3,STAT3
205026_at,STAT5B,6777,signal transducer and activator of transcription 5B,STAT5B,"GHISID2, STAT5",9606,HGNC:11367,STAT5B,STAT5B
201331_s_at,STAT6,6778,signal transducer and activator of transcription 6,STAT6,"D12S1644, IL-4-STAT, STAT6B, STAT6C",9606,HGNC:11368,STAT6,STAT6
213851_at,TMEM110,375346,STIM activating enhancer,STIMATE,TMEM110,9606,HGNC:30526,TMEM110,TMEM110
203047_at,STK10,6793,serine/threonine kinase 10,STK10,"LOK, PRO2729",9606,HGNC:11388,STK10,STK10
201314_at,STK25,10494,serine/threonine kinase 25,STK25,"SOK1, YSK1",9606,HGNC:11404,STK25,STK25
200783_s_at,STMN1,3925,stathmin 1,STMN1,"C1orf215, LAP18, Lag, OP18, PP17",9606,HGNC:6510,STMN1,STMN1
217934_x_at,STUB1,10273,STIP1 homology and U-box containing protein 1,STUB1,"CHIP, HSPABP2, NY-CO-7, SCA48, SCAR16",9606,HGNC:11427,STUB1,STUB1
204729_s_at,STX1A,6804,syntaxin 1A,STX1A,"HPC-1, P35-1, STX1, SYN1A",9606,HGNC:11433,STX1A,STX1A
203530_s_at,STX4,6810,syntaxin 4,STX4,"STX4A, p35-2",9606,HGNC:11439,STX4,STX4
202260_s_at,STXBP1,6812,syntaxin binding protein 1,STXBP1,"DEE4, MUNC18-1, N-Sec1, NSEC1, P67",9606,HGNC:11444,STXBP1,STXBP1
209367_at,STXBP2,6813,syntaxin binding protein 2,STXBP2,"FHL5, Hunc18b, MUNC18-2, UNC18-2, UNC18B",9606,HGNC:11445,STXBP2,STXBP2
212894_at,SUPV3L1,6832,Suv3 like RNA helicase,SUPV3L1,SUV3,9606,HGNC:11471,SUPV3L1,SUPV3L1
218619_s_at,SUV39H1,6839,SUV39H1 histone lysine methyltransferase,SUV39H1,"H3-K9-HMTase 1, KMT1A, MG44, SUV39H",9606,HGNC:11479,SUV39H1,SUV39H1
212287_at,SUZ12,23512,SUZ12 polycomb repressive complex 2 subunit,SUZ12,"CHET9, IMMAS, JJAZ1",9606,HGNC:17101,SUZ12,SUZ12
209307_at,SWAP70,23075,switching B cell complex subunit SWAP70,SWAP70,"HSPC321, SWAP-70",9606,HGNC:17070,SWAP70,SWAP70
207540_s_at,SYK,6850,spleen associated tyrosine kinase,SYK,"IMD82, p72-Syk",9606,HGNC:11491,SYK,SYK
202761_s_at,SYNE2,23224,spectrin repeat containing nuclear envelope protein 2,SYNE2,"EDMD5, KASH2, NUA, NUANCE, Nesp2",9606,HGNC:17084,SYNE2,SYNE2
205691_at,SYNGR3,9143,synaptogyrin 3,SYNGR3,,9606,HGNC:11501,SYNGR3,SYNGR3
201260_s_at,SYPL1,6856,synaptophysin like 1,SYPL1,"H-SP1, SYPL",9606,HGNC:11507,SYPL1,SYPL1
202813_at,TARBP1,6894,TAR (HIV-1) RNA binding protein 1,TARBP1,"TRM3, TRMT3, TRP-185, TRP185",9606,HGNC:11568,TARBP1,TARBP1
201263_at,TARS,6897,threonyl-tRNA synthetase 1,TARS1,"TARS, TTD7, ThrRS",9606,HGNC:11572,TARS,TARS
203648_at,TATDN2,9797,TatD DNase domain containing 2,TATDN2,,9606,HGNC:28988,TATDN2,TATDN2
214061_at,WDR67,93594,TBC1 domain family member 31,TBC1D31,"Gm85, WDR67",9606,HGNC:30888,WDR67,WDR67
212054_x_at,TBC1D9B,23061,TBC1 domain family member 9B,TBC1D9B,GRAMD9B,9606,HGNC:29097,TBC1D9B,TBC1D9B
201804_x_at,TBCB,1155,tubulin folding cofactor B,TBCB,"CG22, CKAP1, CKAPI",9606,HGNC:1989,TBCB,TBCB
203135_at,TBP,6908,TATA-box binding protein,TBP,"GTF2D, GTF2D1, HDL4, SCA17, TBP1",9606,HGNC:11588,TBP,TBP
208398_s_at,TBPL1,9519,TATA-box binding protein like 1,TBPL1,"MGC:8389, MGC:9620, STUD, TLF, TLP",9606,HGNC:11589,TBPL1,TBPL1
213417_at,TBX2,6909,T-box transcription factor 2,TBX2,VETD,9606,HGNC:11597,TBX2,TBX2
336_at,TBXA2R,6915,thromboxane A2 receptor,TBXA2R,"BDPLT13, TXA2-R",9606,HGNC:11608,TBXA2R,TBXA2R
203919_at,TCEA2,6919,transcription elongation factor A2,TCEA2,TFIIS,9606,HGNC:11614,TCEA2,TCEA2
202371_at,TCEAL4,79921,transcription elongation factor A like 4,TCEAL4,"NPD017, WEX7",9606,HGNC:26121,TCEAL4,TCEAL4
202396_at,TCERG1,10915,transcription elongation regulator 1,TCERG1,"CA150, TAF2S, Urn1",9606,HGNC:15630,TCERG1,TCERG1
204849_at,TCFL5,10732,transcription factor like 5,TCFL5,"CHA, E2BP-1, Figlb, SOSF1, bHLHe82",9606,HGNC:11646,TCFL5,TCFL5
204158_s_at,TCIRG1,10312,"T cell immune regulator 1, ATPase H+ transporting V0 subunit a3",TCIRG1,"ATP6N1C, ATP6V0A3, Atp6i, OC-116kDa, OC116",9606,HGNC:11647,TCIRG1,TCIRG1
203054_s_at,TCTA,6988,T cell leukemia translocation altered,TCTA,,9606,HGNC:11692,TCTA,TCTA
218584_at,TCTN1,79600,tectonic family member 1,TCTN1,"JBTS13, TECT1",9606,HGNC:26113,TCTN1,TCTN1
202466_at,POLS,11044,terminal nucleotidyltransferase 4A,TENT4A,"LAK-1, LAK1, PAPD7, POLK, POLS",9606,HGNC:16705,POLS,POLS
201174_s_at,TERF2IP,54386,TERF2 interacting protein,TERF2IP,"DRIP5, RAP1",9606,HGNC:19246,TERF2IP,TERF2IP
207199_at,TERT,7015,telomerase reverse transcriptase,TERT,"CMM9, DKCA2, DKCB4, EST2, PFBMFT1",9606,HGNC:11730,TERT,TERT
202720_at,TES,26136,testin LIM domain protein,TES,"TESS, TESS-2",9606,HGNC:14620,TES,TES
204106_at,TESK1,7016,testis associated actin remodelling kinase 1,TESK1,,9606,HGNC:11731,TESK1,TESK1
218104_at,TEX10,54881,testis expressed 10,TEX10,"Ipi1, bA208F1.2",9606,HGNC:25988,TEX10,TEX10
204654_s_at,TFAP2A,7020,transcription factor AP-2 alpha,TFAP2A,"AP-2, AP-2alpha, AP2TF, BOFS, TFAP2",9606,HGNC:11742,TFAP2A,TFAP2A
212330_at,TFDP1,7027,transcription factor Dp-1,TFDP1,"DILC, DP1, DRTF1, Dp-1",9606,HGNC:11749,TFDP1,TFDP1
208249_s_at,TGDS,23483,"TDP-glucose 4,6-dehydratase",TGDS,"CATMANS, SDR2E1, TDPGD",9606,HGNC:20324,TGDS,TGDS
209747_at,TGFB3,7043,transforming growth factor beta 3,TGFB3,"ARVD, ARVD1, LDS5, RNHF, TGF-beta3",9606,HGNC:11769,TGFB3,TGFB3
207334_s_at,TGFBR2,7048,transforming growth factor beta receptor 2,TGFBR2,"AAT3, FAA3, LDS1B, LDS2, LDS2B",9606,HGNC:11773,TGFBR2,TGFBR2
212910_at,THAP11,57215,THAP domain containing 11,THAP11,"CTG-B43a, CTG-B45d, HRIHFB2206, RONIN",9606,HGNC:23194,THAP11,THAP11
213135_at,TIAM1,7074,TIAM Rac1 associated GEF 1,TIAM1,"NEDLDS, TIAM-1",9606,HGNC:11805,TIAM1,TIAM1
213191_at,TICAM1,148022,TIR domain containing adaptor molecule 1,TICAM1,"IIAE6, MyD88-3, PRVTIRB, TICAM-1, TRIF",9606,HGNC:18348,TICAM1,TICAM1
203046_s_at,TIMELESS,8914,timeless circadian regulator,TIMELESS,"TIM, TIM1, hTIM",9606,HGNC:11813,TIMELESS,TIMELESS
203342_at,TIMM17B,10245,translocase of inner mitochondrial membrane 17B,TIMM17B,"DXS9822, JM3, TIM17B",9606,HGNC:17310,TIMM17B,TIMM17B
219184_x_at,TIMM22,29928,translocase of inner mitochondrial membrane 22,TIMM22,"COXPD43, TEX4, TIM22",9606,HGNC:17317,TIMM22,TIMM22
218316_at,TIMM9,26520,translocase of inner mitochondrial membrane 9,TIMM9,"TIM9, TIM9A",9606,HGNC:11819,TIMM9,TIMM9
203167_at,TIMP2,7077,TIMP metallopeptidase inhibitor 2,TIMP2,"CSC-21K, DDC8",9606,HGNC:11821,TIMP2,TIMP2
212665_at,TIPARP,25976,TCDD inducible poly(ADP-ribose) polymerase,TIPARP,"ARTD14, PARP7, pART14",9606,HGNC:23696,TIPARP,TIPARP
202011_at,TJP1,7082,tight junction protein 1,TJP1,ZO-1,9606,HGNC:11827,TJP1,TJP1
218898_at,FAM57A,79850,TLC domain containing 3A,TLCD3A,"CT120, FAM57A",9606,HGNC:29646,FAM57A,FAM57A
203221_at,TLE1,7088,"TLE family member 1, transcriptional corepressor",TLE1,"ESG, ESG1, GRG1, TLE-1",9606,HGNC:11837,TLE1,TLE1
212770_at,TLE3,7090,"TLE family member 3, transcriptional corepressor",TLE3,"ESG, ESG3, GRG3, HsT18976",9606,HGNC:11839,TLE3,TLE3
212997_s_at,TLK2,11011,tousled like kinase 2,TLK2,"HsHPK, MRD57, PKU-ALPHA",9606,HGNC:11842,TLK2,TLK2
221060_s_at,TLR4,7099,toll like receptor 4,TLR4,"ARMD10, CD284, TLR-4, TOLL",9606,HGNC:11850,TLR4,TLR4
201078_at,TM9SF2,9375,transmembrane 9 superfamily member 2,TM9SF2,P76,9606,HGNC:11865,TM9SF2,TM9SF2
217758_s_at,TM9SF3,56889,transmembrane 9 superfamily member 3,TM9SF3,"EP70-P-iso, SMBP",9606,HGNC:21529,TM9SF3,TM9SF3
208716_s_at,TMCO1,54499,transmembrane and coiled-coil domains 1,TMCO1,"HP10122, PCIA3, PNAS-136, TMCC4",9606,HGNC:18188,TMCO1,TMCO1
200929_at,TMED10,10972,transmembrane p24 trafficking protein 10,TMED10,"P24(DELTA), S31I125, S31III125, TMP21, Tmp-21-I",9606,HGNC:16998,TMED10,TMED10
201361_at,TMEM109,79073,transmembrane protein 109,TMEM109,,9606,HGNC:28771,TMEM109,TMEM109
219460_s_at,TMEM127,55654,transmembrane protein 127,TMEM127,,9606,HGNC:26038,TMEM127,TMEM127
209760_at,KIAA0922,23240,transmembrane 131 like,TMEM131L,KIAA0922,9606,HGNC:29146,KIAA0922,KIAA0922
217766_s_at,TMEM50A,23585,transmembrane protein 50A,TMEM50A,"IFNRC, SMP1",9606,HGNC:30590,TMEM50A,TMEM50A
212281_s_at,TMEM97,27346,transmembrane protein 97,TMEM97,"MAC30, sigma2R",9606,HGNC:28106,TMEM97,TMEM97
201207_at,TNFAIP1,7126,TNF alpha induced protein 1,TNFAIP1,"B12, B61, BTBD34, EDP1, hBACURD2",9606,HGNC:11894,TNFAIP1,TNFAIP1
218856_at,TNFRSF21,27242,TNF receptor superfamily member 21,TNFRSF21,"BM-018, CD358, DR6",9606,HGNC:13469,TNFRSF21,TNFRSF21
207196_s_at,TNIP1,10318,TNFAIP3 interacting protein 1,TNIP1,"ABIN-1, NAF1, VAN, nip40-1",9606,HGNC:16903,TNIP1,TNIP1
217960_s_at,TOMM22,56993,translocase of outer mitochondrial membrane 22,TOMM22,"1C9-2, MST065, MSTP065, TOM22",9606,HGNC:18002,TOMM22,TOMM22
201870_at,TOMM34,10953,translocase of outer mitochondrial membrane 34,TOMM34,"HTOM34P, TOM34, URCC3",9606,HGNC:15746,TOMM34,TOMM34
201519_at,TOMM70A,9868,translocase of outer mitochondrial membrane 70,TOMM70,"TOMM70A, Tom70",9606,HGNC:11985,TOMM70A,TOMM70A
201292_at,TOP2A,7153,DNA topoisomerase II alpha,TOP2A,"TOP2, TOP2alpha, TOPIIA, TP2A",9606,HGNC:11989,TOP2A,TOP2A
202633_at,TOPBP1,11073,DNA topoisomerase II binding protein 1,TOPBP1,"Dpb11, TOP2BP1",9606,HGNC:17008,TOPBP1,TOPBP1
202349_at,TOR1A,1861,torsin family 1 member A,TOR1A,"AMC5, DQ2, DYT1",9606,HGNC:3098,TOR1A,TOR1A
201746_at,TP53,7157,tumor protein p53,TP53,"BCC7, BMFS5, LFS1, P53, TRP53",9606,HGNC:11998,TP53,TP53
203050_at,TP53BP1,7158,tumor protein p53 binding protein 1,TP53BP1,"53BP1, TDRD30, p202, p53BP1",9606,HGNC:11999,TP53BP1,TP53BP1
203120_at,TP53BP2,7159,tumor protein p53 binding protein 2,TP53BP2,"53BP2, ASPP2, BBP, P53BP2, PPP1R13A",9606,HGNC:12000,TP53BP2,TP53BP2
210241_s_at,TP53TG1,11257,TP53 target 1,TP53TG1,"LINC00096, NCRNA00096, P53TG1, P53TG1-D, TP53AP1",9606,HGNC:17026,TP53TG1,TP53TG1
201379_s_at,TPD52L2,7165,TPD52 like 2,TPD52L2,"D54, TPD54",9606,HGNC:12007,TPD52L2,TPD52L2
210986_s_at,TPM1,7168,tropomyosin 1,TPM1,"C15orf13, CMD1Y, CMH3, HEL-S-265, HTM-alpha",9606,HGNC:12010,TPM1,TPM1
202125_s_at,TRAK2,66008,trafficking kinesin protein 2,TRAK2,"ALS2CR3, CALS-C, GRIF-1, GRIF1, MILT2",9606,HGNC:13206,TRAK2,TRAK2
202368_s_at,TRAM2,9697,translocation associated membrane protein 2,TRAM2,,9606,HGNC:16855,TRAM2,TRAM2
201391_at,TRAP1,10131,TNF receptor associated protein 1,TRAP1,"HSP 75, HSP75, HSP90L, TRAP-1",9606,HGNC:16264,TRAP1,TRAP1
203512_at,TRAPPC3,27095,trafficking protein particle complex subunit 3,TRAPPC3,BET3,9606,HGNC:19942,TRAPPC3,TRAPPC3
204985_s_at,TRAPPC6A,79090,trafficking protein particle complex subunit 6A,TRAPPC6A,TRS33,9606,HGNC:23069,TRAPPC6A,TRAPPC6A
202241_at,TRIB1,10221,tribbles pseudokinase 1,TRIB1,"C8FW, GIG-2, GIG2, SKIP1, TRB-1",9606,HGNC:16891,TRIB1,TRIB1
218145_at,TRIB3,57761,tribbles pseudokinase 3,TRIB3,"C20orf97, NIPK, SINK, SKIP3, TRB3",9606,HGNC:16228,TRIB3,TRIB3
203659_s_at,TRIM13,10206,tripartite motif containing 13,TRIM13,"CAR, DLEU5, LEU5, RFP2, RNF77",9606,HGNC:9976,TRIM13,TRIM13
215945_s_at,TRIM2,23321,tripartite motif containing 2,TRIM2,"CMT2R, RNF86",9606,HGNC:15974,TRIM2,TRIM2
202734_at,TRIP10,9322,thyroid hormone receptor interactor 10,TRIP10,"CIP4, HSTP, STOT, STP, TRIP-10",9606,HGNC:12304,TRIP10,TRIP10
208763_s_at,TSC22D3,1831,TSC22 domain family member 3,TSC22D3,"DIP, DSIPI, GILZ, TSC-22R",9606,HGNC:3051,TSC22D3,TSC22D3
219581_at,TSEN2,80746,tRNA splicing endonuclease subunit 2,TSEN2,"PCH2B, SEN2, SEN2L",9606,HGNC:28422,TSEN2,TSEN2
218245_at,TSKU,25987,"tsukushi, small leucine rich proteoglycan",TSKU,"E2IG4, LRRC54, TSK",9606,HGNC:28850,TSKU,TSKU
201513_at,TSN,7247,translin,TSN,"BCLF-1, C3PO, RCHF1, REHF-1, TBRBP",9606,HGNC:12379,TSN,TSN
200972_at,TSPAN3,10099,tetraspanin 3,TSPAN3,"TM4-A, TM4SF8, TSPAN-3",9606,HGNC:17752,TSPAN3,TSPAN3
209263_x_at,TSPAN4,7106,tetraspanin 4,TSPAN4,"NAG-2, NAG2, TETRASPAN, TM4SF7, TSPAN-4",9606,HGNC:11859,TSPAN4,TSPAN4
209109_s_at,TSPAN6,7105,tetraspanin 6,TSPAN6,"T245, TM4SF6, TSPAN-6",9606,HGNC:11858,TSPAN6,TSPAN6
204772_s_at,TTF1,7270,transcription termination factor 1,TTF1,"TTF-1, TTF-I",9606,HGNC:12397,TTF1,TTF1
209191_at,TUBB6,84617,tubulin beta 6 class V,TUBB6,"FPVEPD, HsT1601, TUBB-5",9606,HGNC:20776,TUBB6,TUBB6
202009_at,TWF2,11344,twinfilin actin binding protein 2,TWF2,"A6RP, A6r, MSTP011, PTK9L",9606,HGNC:9621,TWF2,TWF2
212300_at,TXLNA,200081,taxilin alpha,TXLNA,"IL14, TXLN",9606,HGNC:30685,TXLNA,TXLNA
211758_x_at,TXNDC9,10190,thioredoxin domain containing 9,TXNDC9,"APACD, PHLP3",9606,HGNC:24110,TXNDC9,TXNDC9
218794_s_at,TXNL4B,54957,thioredoxin like 4B,TXNL4B,"DLP, Dim2",9606,HGNC:26041,TXNL4B,TXNL4B
201266_at,TXNRD1,7296,thioredoxin reductase 1,TXNRD1,"GRIM-12, TR, TR1, TRXR1, TXNR",9606,HGNC:12437,TXNRD1,TXNRD1
201899_s_at,UBE2A,7319,ubiquitin conjugating enzyme E2 A,UBE2A,"HHR6A, MRXS30, MRXSN, RAD6A, UBC2",9606,HGNC:12472,UBE2A,UBE2A
202954_at,UBE2C,11065,ubiquitin conjugating enzyme E2 C,UBE2C,"UBCH10, dJ447F3.2",9606,HGNC:15937,UBE2C,UBE2C
217825_s_at,UBE2J1,51465,ubiquitin conjugating enzyme E2 J1,UBE2J1,"CGI-76, HSPC153, HSPC205, HSU93243, NCUBE-1",9606,HGNC:17598,UBE2J1,UBE2J1
201649_at,UBE2L6,9246,ubiquitin conjugating enzyme E2 L6,UBE2L6,"RIG-B, UBCH8",9606,HGNC:12490,UBE2L6,UBE2L6
212403_at,UBE3B,89910,ubiquitin protein ligase E3B,UBE3B,"BPIDS, KOS",9606,HGNC:13478,UBE3B,UBE3B
201817_at,UBE3C,9690,ubiquitin protein ligase E3C,UBE3C,"HECTH2, RAUL",9606,HGNC:16803,UBE3C,UBE3C
202038_at,UBE4A,9354,ubiquitination factor E4A,UBE4A,"E4, NEDHMS, UBOX2, UFD2",9606,HGNC:12499,UBE4A,UBE4A
215884_s_at,UBQLN2,29978,ubiquilin 2,UBQLN2,"ALS15, CHAP1, DSK2, HRIHFB2157, N4BP4",9606,HGNC:12509,UBQLN2,UBQLN2
218108_at,UBR7,55148,ubiquitin protein ligase E3 component n-recognin 7,UBR7,"C14orf130, LICAS",9606,HGNC:20344,UBR7,UBR7
218050_at,UFM1,51569,ubiquitin fold modifier 1,UFM1,"BM-002, C13orf20, HLD14",9606,HGNC:20597,UFM1,UFM1
203343_at,UGDH,7358,UDP-glucose 6-dehydrogenase,UGDH,"DEE84, EIEE84, GDH, UDP-GlcDH, UDPGDH",9606,HGNC:12525,UGDH,UGDH
205480_s_at,UGP2,7360,UDP-glucose pyrophosphorylase 2,UGP2,"DEE83, EIEE83, SVUGP2, UDPG, UDPGP",9606,HGNC:12527,UGP2,UGP2
202413_s_at,USP1,7398,ubiquitin specific peptidase 1,USP1,UBP,9606,HGNC:12607,USP1,USP1
201671_x_at,USP14,9097,ubiquitin specific peptidase 14,USP14,"TGT, Ubp6",9606,HGNC:12612,USP14,USP14
203965_at,USP20,10868,ubiquitin specific peptidase 20,USP20,"LSFR3A, VDU2, hVDU2",9606,HGNC:12619,USP20,USP20
200083_at,USP22,23326,ubiquitin specific peptidase 22,USP22,USP3L,9606,HGNC:12621,USP22,USP22
204761_at,USP6NL,9712,USP6 N-terminal like,USP6NL,"RNTRE, TRE2NL, USP6NL-IT1",9606,HGNC:16858,USP6NL,USP6NL
201498_at,USP7,7874,ubiquitin specific peptidase 7,USP7,"HAFOUS, HAUSP, TEF1",9606,HGNC:12630,USP7,USP7
221514_at,UTP14A,10813,UTP14A small subunit processome component,UTP14A,"NYCO16, SDCCAG16, Utp14, dJ537K23.3",9606,HGNC:10665,UTP14A,UTP14A
203241_at,UVRAG,7405,UV radiation resistance associated,UVRAG,"DHTX, VPS38, p63",9606,HGNC:12640,UVRAG,UVRAG
202829_s_at,VAMP7,6845,vesicle associated membrane protein 7,VAMP7,"SYBL1, TI-VAMP, TIVAMP, VAMP-7",9606,HGNC:11486,VAMP7,VAMP7
202550_s_at,VAPB,9217,VAMP associated protein B and C,VAPB,"ALS8, VAMP-B, VAP-B",9606,HGNC:12649,VAPB,VAPB
208626_s_at,VAT1,10493,vesicle amine transport 1,VAT1,VATI,9606,HGNC:16919,VAT1,VAT1
218807_at,VAV3,10451,vav guanine nucleotide exchange factor 3,VAV3,,9606,HGNC:12659,VAV3,VAV3
217140_s_at,VDAC1,7416,voltage dependent anion channel 1,VDAC1,"PORIN, VDAC-1",9606,HGNC:12669,LOC100133724///VDAC1,LOC100133724
212399_s_at,VGLL4,9686,vestigial like family member 4,VGLL4,VGL-4,9606,HGNC:28966,VGLL4,VGLL4
201807_at,VPS26A,9559,VPS26 retromer complex component A,VPS26A,"HB58, Hbeta58, PEP8A, VPS26",9606,HGNC:12711,VPS26A,VPS26A
218679_s_at,VPS28,51160,VPS28 subunit of ESCRT-I,VPS28,,9606,HGNC:18178,VPS28,VPS28
202261_at,VPS72,6944,vacuolar protein sorting 72 homolog,VPS72,"CFL1, Swc2, TCFL1, YL-1, YL1",9606,HGNC:11644,VPS72,VPS72
204042_at,WASF3,10810,WASP family member 3,WASF3,"Brush-1, SCAR3, WAVE3",9606,HGNC:12734,WASF3,WASF3
212795_at,KIAA1033,23325,WASH complex subunit 4,WASHC4,"KIAA1033, MRT43, SWIP",9606,HGNC:29174,KIAA1033,KIAA1033
201985_at,KIAA0196,9897,WASH complex subunit 5,WASHC5,"KIAA0196, RTSC, RTSC1, SPG8",9606,HGNC:28984,KIAA0196,KIAA0196
212880_at,WDR7,23335,WD repeat domain 7,WDR7,TRAG,9606,HGNC:13490,WDR7,WDR7
40829_at,WDTC1,23038,WD and tetratricopeptide repeats 1,WDTC1,"ADP, DCAF9",9606,HGNC:29175,WDTC1,WDTC1
202908_at,WFS1,7466,wolframin ER transmembrane glycoprotein,WFS1,"CTRCT41, WFRS, WFS, WFSL",9606,HGNC:12762,WFS1,WFS1
221887_s_at,DFNB31,25861,whirlin,WHRN,"CIP98, DFNB31, PDZD7B, USH2D, WI",9606,HGNC:16361,DFNB31,DFNB31
212051_at,WIPF2,147179,WAS/WASL interacting protein family member 2,WIPF2,"WICH, WIRE",9606,HGNC:30923,WIPF2,WIPF2
205667_at,WRN,7486,WRN RecQ like helicase,WRN,"RECQ3, RECQL2, RECQL3",9606,HGNC:12791,WRN,WRN
210695_s_at,WWOX,51741,WW domain containing oxidoreductase,WWOX,"D16S432E, DEE28, EIEE28, FOR, FRA16D",9606,HGNC:12799,WWOX,WWOX
200670_at,XBP1,7494,X-box binding protein 1,XBP1,"TREB-5, TREB5, XBP-1, XBP2",9606,HGNC:12801,XBP1,XBP1
209045_at,XPNPEP1,7511,X-prolyl aminopeptidase 1,XPNPEP1,"APP1, SAMP, XPNPEP, XPNPEPL, XPNPEPL1",9606,HGNC:12822,XPNPEP1,XPNPEP1
212166_at,XPO7,23039,exportin 7,XPO7,"EXP7, RANBP16",9606,HGNC:14108,XPO7,XPO7
201161_s_at,CSDA,8531,Y-box binding protein 3,YBX3,"CSDA, CSDA1, DBPA, ZONAB",9606,HGNC:2428,CSDA,CSDA
217784_at,YKT6,10652,YKT6 v-SNARE homolog,YKT6,,9606,HGNC:16959,YKT6,YKT6
201351_s_at,YME1L1,10730,YME1 like 1 ATPase,YME1L1,"FTSH, MEG4, OPA11, PAMP, YME1L",9606,HGNC:12843,YME1L1,YME1L1
221741_s_at,YTHDF1,54915,YTH N6-methyladenosine RNA binding protein 1,YTHDF1,"C20orf21, DF1",9606,HGNC:15867,YTHDF1,YTHDF1
209724_s_at,ZFP161,7541,zinc finger and BTB domain containing 14,ZBTB14,"ZF5, ZFP-161, ZFP-5, ZFP161, ZNF478",9606,HGNC:12860,ZFP161,ZFP161
205340_at,ZBTB24,9841,zinc finger and BTB domain containing 24,ZBTB24,"BIF1, ICF2, PATZ2, ZNF450",9606,HGNC:21143,ZBTB24,ZBTB24
203026_at,ZBTB5,9925,zinc finger and BTB domain containing 5,ZBTB5,,9606,HGNC:23836,ZBTB5,ZBTB5
213390_at,ZC3H4,23211,zinc finger CCCH-type containing 4,ZC3H4,C19orf7,9606,HGNC:17808,ZC3H4,ZC3H4
218249_at,ZDHHC6,64429,zinc finger DHHC-type palmitoyltransferase 6,ZDHHC6,"DHHC-6, DHHC6, ZNF376",9606,HGNC:19160,ZDHHC6,ZDHHC6
202452_at,ZER1,10444,zyg-11 related cell cycle regulator,ZER1,"C9orf60, ZYG, ZYG11BL",9606,HGNC:30960,ZER1,ZER1
201531_at,ZFP36,7538,ZFP36 ring finger protein,ZFP36,"G0S24, GOS24, NUP475, RNF162A, TIS11",9606,HGNC:12862,ZFP36,ZFP36
221848_at,ZGPAT,84619,zinc finger CCCH-type and G-patch domain containing,ZGPAT,"GPATC6, GPATCH6, KIAA1847, ZC3H9, ZC3HDC9",9606,HGNC:15948,ZGPAT,ZGPAT
212124_at,ZMIZ1,57178,zinc finger MIZ-type containing 1,ZMIZ1,"MIZ, NEDDFSA, RAI17, TRAFIP10, ZIMP10",9606,HGNC:16493,ZMIZ1,ZMIZ1
202778_s_at,ZMYM2,7750,zinc finger MYM-type containing 2,ZMYM2,"FIM, MYM, NECRC, RAMP, SCLL",9606,HGNC:12989,ZMYM2,ZMYM2
214741_at,ZNF131,7690,zinc finger protein 131,ZNF131,"ZBTB35, pHZ-10",9606,HGNC:12915,ZNF131,ZNF131
204937_s_at,ZNF274,10782,zinc finger protein 274,ZNF274,"HFB101, ZF2, ZKSCAN19, ZSCAN51",9606,HGNC:13068,ZNF274,ZNF274
203521_s_at,ZNF318,24149,zinc finger protein 318,ZNF318,"HRIHFB2436, TZF, ZFP318",9606,HGNC:13578,ZNF318,ZNF318
218149_s_at,ZNF395,55893,zinc finger protein 395,ZNF395,"HDBP-2, HDBP2, HDRF-2, PBF, PRF-1",9606,HGNC:18737,ZNF395,ZNF395
212557_at,ZNF451,26036,zinc finger protein 451,ZNF451,"COASTER, ZATT, dJ417I1.1",9606,HGNC:21091,ZNF451,ZNF451
219711_at,ZNF586,54807,zinc finger protein 586,ZNF586,,9606,HGNC:25949,ZNF586,ZNF586
219968_at,ZNF589,51385,zinc finger protein 589,ZNF589,SZF1,9606,HGNC:16747,ZNF589,ZNF589
213196_at,ZNF629,23361,zinc finger protein 629,ZNF629,"ZNF, ZNF65",9606,HGNC:29008,ZNF629,ZNF629
218068_s_at,ZNF672,79894,zinc finger protein 672,ZNF672,,9606,HGNC:26179,ZNF672,ZNF672
220661_s_at,ZNF692,55657,zinc finger protein 692,ZNF692,"AREBP, Zfp692",9606,HGNC:26049,ZNF692,ZNF692
218916_at,ZNF768,79724,zinc finger protein 768,ZNF768,,9606,HGNC:26273,ZNF768,ZNF768
204812_at,ZW10,9183,zw10 kinetochore protein,ZW10,"HZW10, KNTC1AP",9606,HGNC:13194,ZW10,ZW10
202040_s_at,JARID1A,,,KDM5A,,,,JARID1A,JARID1A